mascara	lipstick	N	cohyp	0.71	1.18
nylon	cotton	N	cohyp	0.82	1.37
monkey	humor	N	no-rel	0.5	0.83
breast	turkey	N	mero	1.08	1.8
soil	earth	N	hyp	4.1	6.83
galosh	rubber	N	syn	1.92	3.2
highway	road	N	hyp	5.8	9.67
veal	meat	N	hyp	5.86	9.77
ceremony	blade	N	no-rel	0.55	0.92
victor	winner	N	syn	3.69	6.15
nose	face	N	cohyp	1	1.67
math	domain	N	hyp	1	1.67
casket	box	N	hyp	5	8.33
letter	alphabet	N	mero	2.45	4.08
oat	cereal	N	hyp	5.09	8.48
jewelry	ring	N	r-hyp	1.67	2.78
tortoise	animal	N	hyp	5.92	9.87
volleyball	game	N	hyp	5.83	9.72
shape	triangle	N	r-hyp	0.77	1.28
timber	lumber	N	syn	3.83	6.38
goo	muck	N	syn	3.42	5.7
gossip	rumor	N	hyp	3	5
body	corpse	N	r-hyp	2.25	3.75
eye	face	N	mero	1.2	2
lecture	speech	N	hyp	5.18	8.63
guitar	instrument	N	hyp	5.92	9.87
horn	goat	N	mero	0.6	1
creek	water	N	hyp	2.83	4.72
ledge	shelf	N	syn	4.3	7.17
mission	duty	N	hyp	4.44	7.4
calculus	trigonometry	N	cohyp	0.77	1.28
vehicle	motorcycle	N	r-hyp	1.09	1.82
melody	tune	N	syn	5.42	9.03
head	body	N	mero	1.69	2.82
shell	turtle	N	mero	0.9	1.5
stud	bull	N	cohyp	3.36	5.6
point	pencil	N	mero	0.58	0.97
car	vehicle	N	hyp	6	10
chicken	food	N	hyp	5.31	8.85
tissue	organ	N	cohyp	2.77	4.62
fabric	cotton	N	r-hyp	1.36	2.27
keyboard	piano	N	mero	4.25	7.08
human	encyclopedia	N	no-rel	0.9	1.5
joke	humor	N	hyp	4.17	6.95
control	experiment	N	mero	2.62	4.37
pike	spike	N	cohyp	3.42	5.7
repentance	guilt	N	cohyp	3.25	5.42
blade	knife	N	mero	3.31	5.52
television	medium	N	hyp	5.29	8.82
defense	offense	N	ant	2.15	3.58
christian	church	N	mero	2.5	4.17
leak	hole	N	hyp	1.5	2.5
wound	injury	N	hyp	5.46	9.1
police	authority	N	hyp	5	8.33
car	limousine	N	r-hyp	1.17	1.95
home	location	N	hyp	5.4	9
drawing	sketch	N	r-hyp	3.7	6.17
recreation	sport	N	r-hyp	2.46	4.1
freckle	spot	N	hyp	4.83	8.05
pork	pig	N	mero	2	3.33
letter	writing	N	hyp	2.36	3.93
atom	mythology	N	no-rel	0.21	0.35
cat	appearance	N	no-rel	0.6	1
rectangle	shape	N	hyp	5.85	9.75
mark	sign	N	syn	3.23	5.38
feature	face	N	mero	1.18	1.97
letter	character	N	hyp	4.54	7.57
flesh	human	N	mero	1	1.67
mom	parent	N	hyp	5.83	9.72
flour	dough	N	mero	0.18	0.3
neck	stream	N	no-rel	0.18	0.3
fork	fashion	N	no-rel	0.25	0.42
dagger	knife	N	hyp	5.78	9.63
field	stadium	N	mero	2.9	4.83
fireplace	chimney	N	mero	1.64	2.73
sight	vision	N	syn	4.33	7.22
hamburger	bird	N	no-rel	0.09	0.15
geyser	fountain	N	hyp	4.6	7.67
reaction	effect	N	hyp	4.77	7.95
lobby	building	N	mero	1.15	1.92
olive	pickle	N	cohyp	1	1.67
concert	performance	N	hyp	5.69	9.48
flower	plant	N	hyp	5.67	9.45
scoop	shovel	N	hyp	4.18	6.97
lunch	supper	N	cohyp	0.45	0.75
death	birth	N	ant	0.46	0.77
homework	work	N	hyp	4.92	8.2
chain	lock	N	cohyp	1.31	2.18
opinion	thought	N	hyp	4.57	7.62
sofa	chair	N	cohyp	3.38	5.63
toenail	toe	N	mero	0.77	1.28
disease	cancer	N	r-hyp	0.85	1.42
mason	worker	N	hyp	4.5	7.5
broth	soup	N	hyp	4.7	7.83
creator	artist	N	r-hyp	2.79	4.65
pastry	dough	N	hyp	3	5
sentence	judgment	N	hyp	4.33	7.22
cavern	cave	N	hyp	5.08	8.47
barley	herb	N	hyp	1.3	2.17
guide	book	N	hyp	4.64	7.73
contact	lens	N	hyp	3.92	6.53
vehicle	utensil	N	no-rel	0.57	0.95
waterfall	tennis	N	no-rel	0.42	0.7
baseball	sport	N	hyp	5.85	9.75
sample	example	N	hyp	3.86	6.43
explorer	navigator	N	r-hyp	4.58	7.63
mitten	glove	N	hyp	4.08	6.8
suitcase	bag	N	syn	5.67	9.45
trout	fish	N	hyp	6	10
innocence	grape	N	no-rel	0.18	0.3
club	group	N	hyp	4.92	8.2
quill	fleet	N	no-rel	0.38	0.63
portion	percentage	N	syn	4.5	7.5
water	liquid	N	hyp	5.85	9.75
building	construction	N	syn	5.58	9.3
mattress	addition	N	no-rel	0.1	0.17
puberty	period	N	hyp	3.3	5.5
courage	bravery	N	syn	4.31	7.18
meter	unit	N	hyp	4.9	8.17
pecan	nut	N	hyp	5.93	9.88
wrestling	sport	N	hyp	5.31	8.85
appliance	oven	N	r-hyp	0.8	1.33
virtue	landscape	N	no-rel	0.08	0.13
funeral	ceremony	N	hyp	5.6	9.33
medicine	tablet	N	r-hyp	1.08	1.8
mouse	rat	N	cohyp	1.33	2.22
damage	harm	N	syn	4.38	7.3
ritual	event	N	hyp	4.64	7.73
width	height	N	cohyp	1.14	1.9
mosquito	insect	N	hyp	5.36	8.93
hen	chicken	N	hyp	5.67	9.45
silence	sound	N	ant	2.9	4.83
handbag	bowl	N	no-rel	0	0
server	waiter	N	syn	4.77	7.95
helium	gas	N	hyp	6	10
globe	sphere	N	hyp	5.08	8.47
mud	religion	N	no-rel	0.08	0.13
step	stairway	N	mero	3.57	5.95
maid	servant	N	hyp	5.29	8.82
stone	rock	N	syn	4.46	7.43
groom	wedding	N	mero	1.27	2.12
murderer	killer	N	hyp	5.9	9.83
maker	producer	N	r-hyp	3.15	5.25
dog	animal	N	hyp	5.77	9.62
hour	life	N	cohyp	1.91	3.18
bread	sandwich	N	mero	1.31	2.18
keg	container	N	hyp	5.8	9.67
cookie	food	N	hyp	5.93	9.88
sculpture	art	N	hyp	5.62	9.37
lesson	instruction	N	hyp	5.5	9.17
cement	stone	N	cohyp	3.82	6.37
assignment	homework	N	r-hyp	5	8.33
crab	seafood	N	hyp	6	10
professional	professor	N	r-hyp	2.18	3.63
headache	pain	N	hyp	5.92	9.87
hazard	risk	N	syn	3.83	6.38
incense	odor	N	hyp	4.4	7.33
movement	activity	N	hyp	4.69	7.82
understanding	knowledge	N	hyp	4.36	7.27
scene	movie	N	mero	2	3.33
incense	aroma	N	hyp	4.73	7.88
surgery	vacation	N	no-rel	0.55	0.92
politics	government	N	syn	2.11	3.52
thought	reflection	N	r-hyp	3	5
dungeon	cell	N	hyp	3.92	6.53
chain	bandage	N	no-rel	0.43	0.72
philosophy	study	N	hyp	4.83	8.05
appliance	washer	N	r-hyp	0.69	1.15
appliance	refrigerator	N	r-hyp	1.5	2.5
movement	motion	N	syn	4.92	8.2
force	power	N	hyp	3.18	5.3
mole	animal	N	hyp	5.8	9.67
jewel	ring	N	cohyp	2.42	4.03
slime	goo	N	syn	4.2	7
satan	devil	N	syn	5.38	8.97
craft	knitting	N	r-hyp	1.82	3.03
ecstasy	feeling	N	hyp	5.4	9
plaque	memorial	N	hyp	4.33	7.22
payment	rent	N	r-hyp	2.42	4.03
thesis	statement	N	hyp	3.7	6.17
jigsaw	tool	N	hyp	4.67	7.78
destiny	fate	N	syn	4.29	7.15
eagle	bird	N	hyp	5.9	9.83
chisel	tool	N	hyp	5.85	9.75
hundred	amount	N	hyp	4.8	8
plum	tree	N	hyp	3.75	6.25
poet	person	N	hyp	4.67	7.78
silk	cotton	N	cohyp	1.3	2.17
assignment	task	N	hyp	5.6	9.33
supper	dinosaur	N	no-rel	0.14	0.23
class	group	N	hyp	4.08	6.8
diamond	gem	N	hyp	5.67	9.45
wall	barrier	N	hyp	5.36	8.93
mug	cup	N	cohyp	5.58	9.3
vacation	holiday	N	syn	5.1	8.5
caffeine	problem	N	no-rel	2.08	3.47
heel	foot	N	mero	1.31	2.18
rabbit	food	N	hyp	3.5	5.83
rear	front	N	ant	0.58	0.97
golf	game	N	hyp	5	8.33
dime	penny	N	cohyp	1.54	2.57
effect	reaction	N	r-hyp	2.08	3.47
quail	animal	N	hyp	5.46	9.1
shutter	camera	N	mero	0.2	0.33
almanac	book	N	hyp	5.54	9.23
duty	service	N	cohyp	2.69	4.48
galaxy	universe	N	mero	2.23	3.72
statue	art	N	hyp	5.69	9.48
starboard	port	N	ant	1.92	3.2
drawer	bureau	N	mero	1.31	2.18
purse	waiter	N	no-rel	0.23	0.38
drawer	dresser	N	mero	2.08	3.47
hostage	captive	N	hyp	5.58	9.3
scene	picture	N	syn	3.6	6
credit	blackberry	N	no-rel	0.09	0.15
group	gang	N	r-hyp	3.4	5.67
wife	ring	N	no-rel	0.1	0.17
lease	contract	N	hyp	4.92	8.2
puppy	animal	N	hyp	5.3	8.83
elk	deer	N	hyp	3.54	5.9
science	geology	N	r-hyp	0.33	0.55
stud	horse	N	hyp	3.46	5.77
veal	food	N	hyp	5.38	8.97
shape	sphere	N	r-hyp	1.54	2.57
milk	butter	N	cohyp	1.31	2.18
phone	device	N	hyp	5.54	9.23
caption	heading	N	hyp	3	5
barrel	gun	N	mero	1.46	2.43
knuckle	finger	N	mero	1.69	2.82
agency	group	N	hyp	3.69	6.15
land	domain	N	hyp	3.54	5.9
athlete	jock	N	syn	4.22	7.03
banana	fruit	N	hyp	5.83	9.72
hinge	gate	N	mero	1.79	2.98
restroom	communication	N	no-rel	0.14	0.23
reptile	alligator	N	r-hyp	0.2	0.33
way	direction	N	syn	4	6.67
elephant	animal	N	hyp	5.9	9.83
cabbage	vegetable	N	hyp	5.91	9.85
message	note	N	r-hyp	3.64	6.07
cotton	fabric	N	hyp	5.64	9.4
crook	burglar	N	r-hyp	2.5	4.17
leather	suede	N	r-hyp	2.17	3.62
caravan	vehicle	N	hyp	5	8.33
staff	school	N	mero	0.45	0.75
wasp	bee	N	cohyp	2.21	3.68
store	shop	N	syn	4	6.67
kiwi	fruit	N	hyp	6	10
rum	alcohol	N	hyp	5.62	9.37
tongue	mouth	N	mero	0.45	0.75
tutu	skirt	N	hyp	4.2	7
horse	team	N	no-rel	0.36	0.6
architecture	water	N	no-rel	0	0
hint	suggestion	N	hyp	5.25	8.75
kite	bird	N	hyp	2.92	4.87
anteater	animal	N	hyp	5.86	9.77
pea	vegetable	N	hyp	4.71	7.85
ice	glacier	N	mero	2.15	3.58
chalk	crayon	N	cohyp	0.77	1.28
journal	notebook	N	cohyp	3.91	6.52
mouth	face	N	mero	1.82	3.03
witch	woman	N	hyp	3.25	5.42
society	group	N	hyp	4.36	7.27
pavement	surface	N	hyp	5.15	8.58
sculpture	drawing	N	cohyp	0.69	1.15
winner	loser	N	ant	0.33	0.55
fin	fish	N	mero	0.33	0.55
siren	signal	N	hyp	4.92	8.2
home	palace	N	r-hyp	1.77	2.95
leg	arm	N	cohyp	0.57	0.95
nucleus	cell	N	mero	1.23	2.05
disbelief	belief	N	ant	3	5
brother	relation	N	hyp	5.69	9.48
caffeine	coffee	N	mero	1.46	2.43
autumn	season	N	hyp	5.86	9.77
parsley	sage	N	cohyp	0.43	0.72
six	number	N	hyp	6	10
saxophone	instrument	N	hyp	6	10
rabbit	synagogue	N	no-rel	0.08	0.13
bug	insect	N	hyp	5.36	8.93
parent	relation	N	hyp	5.56	9.27
parsley	food	N	hyp	5.25	8.75
newspaper	officer	N	no-rel	0.15	0.25
stalk	stem	N	syn	4	6.67
courage	grit	N	r-hyp	3	5
geology	thought	N	no-rel	1.38	2.3
skyscraper	meeting	N	no-rel	0.27	0.45
professor	faculty	N	mero	3.77	6.28
curve	superstition	N	no-rel	0.36	0.6
biology	study	N	hyp	5.54	9.23
governor	politician	N	hyp	4.85	8.08
twelve	dozen	N	syn	5	8.33
hypothesis	theory	N	mero	3.6	6
quilt	blanket	N	cohyp	4.77	7.95
coat	fireplace	N	no-rel	0.29	0.48
empathy	feeling	N	hyp	5.31	8.85
diamond	crystal	N	hyp	3.92	6.53
doctor	surgeon	N	r-hyp	2.43	4.05
berry	cherry	N	cohyp	1.25	2.08
circle	line	N	cohyp	2.2	3.67
activity	movement	N	r-hyp	3.75	6.25
gang	group	N	hyp	5.55	9.25
medicine	drug	N	hyp	3.83	6.38
dish	food	N	hyp	1.15	1.92
wart	mole	N	cohyp	2.58	4.3
lemon	fruit	N	hyp	6	10
flower	offense	N	no-rel	0.38	0.63
pavement	road	N	mero	3.44	5.73
river	lord	N	no-rel	0.1	0.17
poet	writer	N	hyp	5.7	9.5
snail	courage	N	no-rel	0.15	0.25
night	day	N	ant	1.42	2.37
football	basketball	N	cohyp	0.86	1.43
spatula	utensil	N	hyp	5.85	9.75
dictator	ruler	N	hyp	5.92	9.87
meaning	nonsense	N	cohyp	0.73	1.22
tip	point	N	hyp	3.55	5.92
intellect	knowledge	N	hyp	3.64	6.07
follower	leader	N	ant	0.33	0.55
doughnut	food	N	hyp	5.82	9.7
commercial	advertisement	N	hyp	5.23	8.72
human	man	N	syn	1.85	3.08
leadership	ability	N	hyp	5.08	8.47
pill	drug	N	hyp	4.15	6.92
essay	paragraph	N	cohyp	1.43	2.38
chemistry	science	N	hyp	6	10
drawer	desk	N	mero	0.62	1.03
father	ancestor	N	hyp	3.9	6.5
lung	organ	N	hyp	5.75	9.58
lot	quantity	N	hyp	5	8.33
alley	street	N	hyp	5.36	8.93
corporation	business	N	hyp	5.38	8.97
rummy	game	N	hyp	5.17	8.62
eyebrow	face	N	mero	0.29	0.48
diamond	pearl	N	cohyp	0.45	0.75
vanilla	flavor	N	hyp	5.69	9.48
heroine	woman	N	hyp	4.85	8.08
monument	memorial	N	syn	5.25	8.75
chimpanzee	primate	N	hyp	6	10
meaning	liberty	N	no-rel	0.67	1.12
bread	food	N	hyp	5.42	9.03
vocabulary	speech	N	mero	4.15	6.92
tangerine	nucleus	N	no-rel	0.31	0.52
person	proprietor	N	r-hyp	2.23	3.72
north	direction	N	hyp	5.29	8.82
sardine	food	N	hyp	5.7	9.5
tornado	typhoon	N	cohyp	2.85	4.75
cod	fish	N	hyp	5.54	9.23
kitchen	bedroom	N	cohyp	0.79	1.32
gravel	stone	N	hyp	5	8.33
hero	villain	N	cohyp	0.8	1.33
term	period	N	hyp	4.27	7.12
square	shape	N	hyp	5.5	9.17
limb	tree	N	mero	0.91	1.52
lava	rock	N	hyp	3.07	5.12
carpenter	worker	N	hyp	5.73	9.55
rent	payment	N	hyp	4.55	7.58
book	atlas	N	r-hyp	0.82	1.37
anatomy	science	N	hyp	5.5	9.17
power	clay	N	no-rel	0.33	0.55
onion	food	N	hyp	5.92	9.87
gender	sex	N	syn	3.45	5.75
fraternity	group	N	hyp	5.23	8.72
puberty	youth	N	cohyp	3.58	5.97
squash	meaning	N	no-rel	0.15	0.25
elephant	lecture	N	no-rel	0.17	0.28
goose	turkey	N	cohyp	0.46	0.77
tractor	truck	N	hyp	3.67	6.12
recliner	furniture	N	hyp	5.46	9.1
quill	porcupine	N	mero	1.46	2.43
lace	shoe	N	mero	1.08	1.8
intelligence	knowledge	N	hyp	2.69	4.48
cabbage	food	N	hyp	6	10
child	family	N	mero	2.73	4.55
product	harbor	N	no-rel	0.38	0.63
niece	son	N	no-rel	0.25	0.42
subtraction	addition	N	ant	0.92	1.53
politician	governor	N	r-hyp	2.21	3.68
semester	hour	N	cohyp	0.45	0.75
disorder	order	N	ant	1.92	3.2
chili	pepper	N	hyp	5	8.33
sport	volleyball	N	r-hyp	0.38	0.63
gin	liquor	N	hyp	5.85	9.75
cat	animal	N	hyp	6	10
circle	shape	N	hyp	6	10
pitcher	container	N	hyp	5.08	8.47
lion	tiger	N	cohyp	1.27	2.12
insurance	safety	N	hyp	3.33	5.55
test	exam	N	syn	5.33	8.88
jug	container	N	hyp	5.42	9.03
diary	journal	N	syn	5	8.33
raccoon	animal	N	hyp	5.73	9.55
lieutenant	captain	N	cohyp	1.5	2.5
atom	matter	N	hyp	5.62	9.37
dilemma	confusion	N	hyp	3.54	5.9
marriage	ritual	N	hyp	4.31	7.18
discipline	punishment	N	hyp	4.62	7.7
clam	seafood	N	hyp	5.6	9.33
clam	mussel	N	cohyp	3.38	5.63
pavement	sidewalk	N	mero	4.15	6.92
bang	noise	N	hyp	5.46	9.1
squad	team	N	syn	5.64	9.4
steel	blade	N	syn	2.8	4.67
arrow	wound	N	no-rel	0.3	0.5
amateur	expert	N	cohyp	0.85	1.42
executive	person	N	hyp	4.91	8.18
mayor	person	N	hyp	4	6.67
drawing	painting	N	cohyp	2	3.33
fox	animal	N	hyp	5.92	9.87
prom	party	N	hyp	5.42	9.03
captain	officer	N	hyp	4.93	8.22
tip	pencil	N	mero	0.3	0.5
destiny	sailor	N	no-rel	0.08	0.13
passage	grasshopper	N	no-rel	0	0
truck	vehicle	N	hyp	5.54	9.23
almond	peanut	N	cohyp	1.2	2
education	school	N	r-hyp	2	3.33
cleaner	soap	N	r-hyp	1.73	2.88
destiny	dress	N	no-rel	0.15	0.25
bumper	car	N	mero	1.42	2.37
lodge	inn	N	syn	4.15	6.92
driver	antler	N	no-rel	0.15	0.25
jewel	gem	N	syn	4.08	6.8
green	blue	N	cohyp	0.73	1.22
motorcycle	bike	N	syn	5.4	9
screw	nail	N	cohyp	1.3	2.17
decade	era	N	cohyp	4.71	7.85
sketch	drawing	N	hyp	5.1	8.5
cure	treatment	N	mero	3.58	5.97
weight	quantity	N	hyp	4.46	7.43
trauma	condition	N	hyp	4.5	7.5
zero	number	N	hyp	5.82	9.7
beginning	end	N	ant	1.54	2.57
primate	animal	N	hyp	5	8.33
catastrophe	tragedy	N	syn	4.71	7.85
professor	staff	N	mero	4.55	7.58
girl	woman	N	hyp	4.7	7.83
bed	furniture	N	hyp	5.85	9.75
trip	journey	N	hyp	5.33	8.88
bracelet	necklace	N	cohyp	0.93	1.55
parent	family	N	mero	4	6.67
head	foot	N	ant	0.33	0.55
time	era	N	r-hyp	2.82	4.7
spy	agent	N	hyp	4.8	8
company	organization	N	hyp	5.5	9.17
weapon	gun	N	r-hyp	2.17	3.62
lemon	citrus	N	hyp	5.64	9.4
excise	tax	N	hyp	3.9	6.5
snake	weakness	N	no-rel	1.08	1.8
hypothesis	pool	N	no-rel	0.36	0.6
leopard	tiger	N	cohyp	0.69	1.15
dusk	evening	N	mero	4.67	7.78
strawberry	blueberry	N	cohyp	0.85	1.42
son	child	N	hyp	5.36	8.93
bunch	group	N	hyp	4.92	8.2
magazine	newspaper	N	cohyp	2.38	3.97
homework	instruction	N	mero	1.92	3.2
dagger	weapon	N	hyp	5.91	9.85
fabric	silk	N	r-hyp	1.23	2.05
migraine	headache	N	hyp	5.15	8.58
flame	pleasure	N	no-rel	0.55	0.92
liver	heart	N	cohyp	0.33	0.55
beer	liquid	N	hyp	5.38	8.97
four	number	N	hyp	5.69	9.48
tenor	loser	N	no-rel	0.1	0.17
winter	summer	N	cohyp	0.55	0.92
gauge	sidewalk	N	no-rel	0.67	1.12
ring	jewelry	N	hyp	6	10
sea	water	N	hyp	4.7	7.83
crest	peak	N	syn	3.58	5.97
mass	ceremony	N	hyp	4.93	8.22
politician	senator	N	r-hyp	1.78	2.97
uncle	aunt	N	ant	0.17	0.28
blessing	approval	N	syn	5.2	8.67
product	sum	N	cohyp	3.23	5.38
goose	bird	N	hyp	5.54	9.23
violin	instrument	N	hyp	5.92	9.87
sapphire	gem	N	hyp	5.92	9.87
instrument	tuba	N	r-hyp	0.33	0.55
army	democracy	N	no-rel	0.92	1.53
force	gravity	N	r-hyp	2.15	3.58
writer	poet	N	r-hyp	2.33	3.88
school	education	N	hyp	4.75	7.92
intestine	liver	N	cohyp	0.85	1.42
boulevard	street	N	hyp	5.17	8.62
death	end	N	hyp	5	8.33
formula	equation	N	cohyp	3.62	6.03
athlete	runner	N	r-hyp	2.2	3.67
aura	light	N	hyp	3.69	6.15
toilet	bathroom	N	mero	2.5	4.17
pill	medication	N	hyp	4.7	7.83
man	primate	N	hyp	5.67	9.45
bed	bedroom	N	mero	0.18	0.3
head	arrow	N	mero	1	1.67
faith	loyalty	N	hyp	3.85	6.42
cancer	disease	N	hyp	5.92	9.87
sitting	standing	N	cohyp	0.15	0.25
lunch	food	N	hyp	3.69	6.15
condition	state	N	hyp	2.55	4.25
knee	joint	N	hyp	5.33	8.88
chemist	scientist	N	hyp	4.54	7.57
author	creator	N	hyp	5.5	9.17
chain	bond	N	hyp	4.25	7.08
navigator	explorer	N	hyp	4.08	6.8
frog	animal	N	hyp	5.92	9.87
present	future	N	cohyp	0.62	1.03
wolf	creature	N	hyp	5.36	8.93
volleyball	activity	N	hyp	4.86	8.1
knitting	craft	N	hyp	5.8	9.67
symptom	orchid	N	no-rel	0.08	0.13
glacier	iceberg	N	cohyp	3.9	6.5
therapy	treatment	N	hyp	5.5	9.17
physiology	study	N	hyp	5.14	8.57
loft	house	N	mero	2.46	4.1
position	location	N	hyp	4.38	7.3
grove	group	N	hyp	2.15	3.58
antidote	drug	N	hyp	4.75	7.92
hearing	sight	N	cohyp	1	1.67
person	people	N	mero	3.8	6.33
soda	liquid	N	hyp	5.9	9.83
soda	beverage	N	hyp	5.71	9.52
north	south	N	cohyp	0.54	0.9
maximum	extremity	N	hyp	3.56	5.93
parade	march	N	cohyp	4.62	7.7
shelf	cabinet	N	mero	1.31	2.18
blockade	barrier	N	cohyp	5.9	9.83
ankle	joint	N	hyp	5.08	8.47
suggestion	idea	N	hyp	5.1	8.5
instrument	trumpet	N	r-hyp	1.64	2.73
glove	mitten	N	r-hyp	1.85	3.08
pizza	food	N	hyp	6	10
twilight	evening	N	mero	3.92	6.53
warehouse	storage	N	hyp	4.77	7.95
abundance	scarcity	N	ant	2.14	3.57
pail	bucket	N	syn	4	6.67
paper	material	N	hyp	5.58	9.3
plum	pear	N	cohyp	0.18	0.3
squash	game	N	hyp	5.45	9.08
sorrow	joy	N	ant	0.6	1
copper	wallet	N	no-rel	0.15	0.25
failure	success	N	ant	1.46	2.43
solution	mixture	N	hyp	3.91	6.52
couple	pair	N	hyp	5.45	9.08
possum	animal	N	hyp	5.93	9.88
amount	quantity	N	syn	4.7	7.83
soccer	sport	N	hyp	5.92	9.87
prison	jail	N	cohyp	5.38	8.97
seafood	mussel	N	r-hyp	0.6	1
myth	legend	N	cohyp	3.77	6.28
cavity	tooth	N	cohyp	1.36	2.27
camera	anatomy	N	no-rel	0.23	0.38
legislature	legion	N	no-rel	0.46	0.77
restriction	rule	N	hyp	5.18	8.63
sincerity	honesty	N	hyp	4.79	7.98
maximum	limit	N	hyp	3.82	6.37
protein	milk	N	mero	1.14	1.9
wolf	animal	N	hyp	5.92	9.87
column	line	N	hyp	2.77	4.62
potato	tomato	N	cohyp	0.18	0.3
recliner	seat	N	hyp	4.73	7.88
attic	house	N	mero	0.86	1.43
music	sound	N	hyp	5.64	9.4
strawberry	food	N	hyp	5.46	9.1
rectangle	square	N	r-hyp	1.85	3.08
owl	bird	N	hyp	6	10
supermarket	grocery	N	hyp	2.36	3.93
frog	toad	N	syn	1.36	2.27
section	unit	N	hyp	3.6	6
evidence	answer	N	no-rel	3.31	5.52
rim	wheel	N	mero	1.64	2.73
package	envelope	N	cohyp	1.92	3.2
snail	animal	N	hyp	5.17	8.62
blast	explosion	N	hyp	5	8.33
parent	ancestor	N	hyp	4.2	7
robin	bird	N	hyp	6	10
vest	sweater	N	cohyp	3.5	5.83
tuxedo	dress	N	hyp	2.2	3.67
fluid	keyboard	N	no-rel	0	0
orange	tree	N	hyp	2.82	4.7
person	reader	N	r-hyp	2	3.33
conference	meeting	N	hyp	5.54	9.23
ant	insect	N	hyp	6	10
engagement	commitment	N	hyp	5.33	8.88
helmet	pocket	N	no-rel	0.4	0.67
moth	butterfly	N	cohyp	2.57	4.28
employee	worker	N	hyp	5.91	9.85
oak	wood	N	hyp	5.54	9.23
cannon	gun	N	hyp	3.91	6.52
copper	brass	N	mero	2.38	3.97
patience	impatience	N	ant	2.43	4.05
committee	group	N	hyp	5.1	8.5
waitress	server	N	hyp	5.69	9.48
dolphin	mammal	N	hyp	5.38	8.97
editorial	newspaper	N	mero	2	3.33
sword	weapon	N	hyp	5.69	9.48
human	animal	N	hyp	5.27	8.78
beam	support	N	hyp	5.57	9.28
feeling	jealousy	N	r-hyp	1.45	2.42
opponent	chorus	N	no-rel	0.17	0.28
suede	leather	N	hyp	4.36	7.27
race	competition	N	hyp	5.14	8.57
cliff	drop	N	syn	2.92	4.87
cobbler	pie	N	hyp	3.29	5.48
brown	green	N	cohyp	0.77	1.28
substance	water	N	r-hyp	1.27	2.12
twilight	dusk	N	syn	4.09	6.82
horn	bull	N	mero	0.67	1.12
digit	number	N	hyp	4.17	6.95
pane	window	N	mero	2.08	3.47
husband	spouse	N	hyp	5.73	9.55
skin	hair	N	cohyp	1.17	1.95
contract	document	N	hyp	5.83	9.72
joker	card	N	hyp	5.55	9.25
four	two	N	cohyp	0.27	0.45
repentance	sorrow	N	hyp	3.42	5.7
trauma	injury	N	syn	5	8.33
silk	material	N	hyp	5.92	9.87
limousine	migraine	N	no-rel	0.15	0.25
trigonometry	algebra	N	cohyp	1.85	3.08
mother	adult	N	hyp	5	8.33
plaything	toy	N	syn	3.4	5.67
ape	beast	N	hyp	5.09	8.48
vegetable	spinach	N	r-hyp	0.33	0.55
clue	hint	N	syn	4.46	7.43
education	empire	N	no-rel	1	1.67
father	fiddle	N	no-rel	0.31	0.52
dime	nickel	N	cohyp	0.43	0.72
crook	sickness	N	no-rel	1.17	1.95
vault	summit	N	no-rel	0.79	1.32
extremity	leg	N	r-hyp	2.08	3.47
nomad	person	N	hyp	5.18	8.63
jack	card	N	hyp	5.2	8.67
princess	status	N	no-rel	4.64	7.73
stick	stalk	N	hyp	1.8	3
murderer	thief	N	cohyp	2	3.33
foundation	base	N	syn	4.62	7.7
chess	game	N	hyp	5.62	9.37
god	being	N	hyp	4.78	7.97
existence	life	N	r-hyp	4	6.67
meal	pen	N	no-rel	0.1	0.17
camel	animal	N	hyp	6	10
fungus	kindness	N	no-rel	0.15	0.25
carpet	rug	N	syn	3.27	5.45
mushroom	fungus	N	hyp	5.33	8.88
hell	inferno	N	syn	3.17	5.28
happening	linen	N	no-rel	0.09	0.15
focus	attention	N	hyp	4.91	8.18
orchid	flower	N	hyp	5.92	9.87
pancake	waffle	N	cohyp	1.69	2.82
microscope	telescope	N	cohyp	1.7	2.83
noun	verb	N	cohyp	0	0
balance	account	N	mero	2.08	3.47
motion	action	N	hyp	4.64	7.73
caption	technique	N	no-rel	1	1.67
earnestness	sincerity	N	syn	4.14	6.9
puff	wind	N	hyp	2.73	4.55
unit	group	N	hyp	4.15	6.92
gander	biology	N	no-rel	0.58	0.97
nine	number	N	hyp	5.45	9.08
quotient	amount	N	hyp	4.42	7.37
walrus	mammal	N	hyp	5.9	9.83
rifle	pistol	N	cohyp	2.23	3.72
grace	goodness	N	hyp	3.55	5.92
shrub	plant	N	hyp	5.54	9.23
oven	appliance	N	hyp	5.9	9.83
wall	room	N	mero	0.5	0.83
hand	arm	N	mero	0.09	0.15
girl	boy	N	ant	0.1	0.17
existence	being	N	syn	4.69	7.82
wing	bat	N	mero	0.23	0.38
boyfriend	lover	N	hyp	5.38	8.97
jury	court	N	mero	1.8	3
leg	knee	N	cohyp	1.23	2.05
chain	bicycle	N	mero	0.71	1.18
nicotine	tobacco	N	mero	2	3.33
mother	woman	N	hyp	4.93	8.22
stream	oxygen	N	no-rel	0.46	0.77
louse	bug	N	cohyp	4.8	8
sunday	weekend	N	mero	3.2	5.33
bristle	brush	N	mero	2.31	3.85
worker	farmer	N	r-hyp	1.3	2.17
bulletin	news	N	hyp	4.31	7.18
bridge	cross	N	cohyp	0.77	1.28
doll	toy	N	hyp	5.93	9.88
beef	cattle	N	hyp	4	6.67
architecture	structure	N	hyp	3.5	5.83
treatment	medication	N	r-hyp	2.17	3.62
ceremony	graduation	N	r-hyp	1.8	3
enemy	friend	N	ant	0.93	1.55
alto	voice	N	hyp	4.9	8.17
celery	food	N	hyp	5.58	9.3
house	structure	N	hyp	4.82	8.03
perception	vision	N	r-hyp	3.75	6.25
king	leader	N	hyp	5.2	8.67
elevator	building	N	mero	0.62	1.03
computer	machine	N	hyp	5.9	9.83
reflection	thought	N	hyp	5.8	9.67
seal	mammal	N	hyp	5.15	8.58
princess	fortune	N	no-rel	1.15	1.92
belief	superstition	N	r-hyp	2.38	3.97
light	aura	N	r-hyp	2.67	4.45
grit	courage	N	hyp	4.08	6.8
activity	hobby	N	r-hyp	4.1	6.83
prank	joke	N	syn	4.77	7.95
girl	person	N	hyp	5.91	9.85
compass	instrument	N	hyp	4.58	7.63
paddle	oar	N	hyp	3.15	5.25
chime	bell	N	syn	3.1	5.17
hope	despair	N	ant	0.17	0.28
hatchet	tool	N	hyp	5.2	8.67
procedure	tear	N	no-rel	0.08	0.13
vehicle	car	N	r-hyp	0.92	1.53
brook	stream	N	hyp	3.42	5.7
food	sausage	N	r-hyp	1.15	1.92
monkey	animal	N	hyp	6	10
lizard	creature	N	hyp	5.83	9.72
shame	disgrace	N	syn	4.33	7.22
integrity	worker	N	no-rel	0.8	1.33
submarine	ship	N	hyp	3.54	5.9
jug	jar	N	cohyp	2.4	4
kingdom	territory	N	hyp	5.56	9.27
crayon	marker	N	cohyp	3.43	5.72
prism	shape	N	hyp	4.5	7.5
anarchy	disorder	N	hyp	4.15	6.92
duck	animal	N	hyp	5.92	9.87
rose	plant	N	hyp	5.85	9.75
charm	appeal	N	syn	5.33	8.88
chest	body	N	mero	1.18	1.97
organization	foundation	N	r-hyp	2.54	4.23
mammal	cat	N	r-hyp	0.69	1.15
dirt	grime	N	syn	4.62	7.7
vet	veteran	N	syn	2.14	3.57
peach	fruit	N	hyp	6	10
newspaper	medium	N	hyp	4.08	6.8
crowd	group	N	hyp	5.14	8.57
beverage	beer	N	r-hyp	0.4	0.67
tree	forest	N	mero	0.5	0.83
theft	crime	N	hyp	5.92	9.87
worker	waitress	N	r-hyp	1	1.67
myth	mythology	N	mero	3.45	5.75
cavity	rat	N	no-rel	0.31	0.52
noon	day	N	mero	2.55	4.25
senate	congress	N	mero	2.62	4.37
island	land	N	hyp	5.43	9.05
street	way	N	hyp	3.29	5.48
trunk	oasis	N	no-rel	0.21	0.35
rung	ladder	N	mero	1.46	2.43
knowledge	foresight	N	r-hyp	2.6	4.33
torch	light	N	hyp	4.75	7.92
lobby	silk	N	no-rel	0.6	1
diameter	length	N	hyp	4	6.67
doe	animal	N	hyp	5.62	9.37
bet	wager	N	syn	4.25	7.08
portrait	picture	N	hyp	5.9	9.83
expert	professional	N	r-hyp	3.62	6.03
writing	poem	N	r-hyp	1.36	2.27
adjective	verb	N	cohyp	0.55	0.92
pig	hog	N	syn	3.4	5.67
kettle	teapot	N	cohyp	2.55	4.25
pint	amount	N	hyp	5.6	9.33
champagne	wine	N	hyp	4.4	7.33
palace	home	N	hyp	5.5	9.17
vow	pledge	N	hyp	4.92	8.2
statement	thesis	N	r-hyp	3.15	5.25
nightgown	underwear	N	hyp	2.79	4.65
empire	state	N	cohyp	2.5	4.17
necklace	bracelet	N	cohyp	0.57	0.95
material	leather	N	r-hyp	1.64	2.73
material	nylon	N	r-hyp	0.85	1.42
refrigerator	appliance	N	hyp	6	10
metal	society	N	no-rel	0.1	0.17
manufacturer	creator	N	hyp	5.17	8.62
animal	elephant	N	r-hyp	1	1.67
louse	flea	N	cohyp	2.77	4.62
water	fluid	N	hyp	6	10
trance	state	N	hyp	5.46	9.1
balcony	porch	N	cohyp	3.4	5.67
husband	snake	N	no-rel	0.33	0.55
silver	gold	N	cohyp	0.67	1.12
war	conflict	N	hyp	5.09	8.48
nitrogen	hydrogen	N	cohyp	0.2	0.33
employment	work	N	syn	4.85	8.08
sight	perception	N	hyp	4.85	8.08
guest	person	N	hyp	4.33	7.22
hammer	tool	N	hyp	6	10
curve	road	N	mero	1.46	2.43
seal	kite	N	no-rel	0.08	0.13
professor	professional	N	hyp	5.15	8.58
limb	extremity	N	hyp	4.38	7.3
tusk	duty	N	no-rel	0.08	0.13
building	cathedral	N	r-hyp	0.38	0.63
creek	brook	N	syn	2.67	4.45
seafood	fish	N	cohyp	1.67	2.78
nightmare	dream	N	hyp	5.75	9.58
sympathy	feeling	N	hyp	6	10
colonel	officer	N	hyp	5.15	8.58
hat	cap	N	cohyp	4	6.67
attendance	appearance	N	r-hyp	3.22	5.37
prince	captain	N	no-rel	0.89	1.48
restaurant	diner	N	r-hyp	1.85	3.08
flour	wedding	N	no-rel	0.15	0.25
cotton	polyester	N	cohyp	1.31	2.18
princess	royalty	N	mero	5.38	8.97
ewe	sheep	N	hyp	4.58	7.63
child	daughter	N	r-hyp	1.67	2.78
mayonnaise	food	N	hyp	5.54	9.23
scalpel	instrument	N	hyp	4.55	7.58
rape	crime	N	hyp	5.9	9.83
week	year	N	cohyp	0.62	1.03
knowledge	instinct	N	r-hyp	2	3.33
gorilla	ape	N	hyp	5.27	8.78
dawn	sunset	N	ant	0.54	0.9
climax	story	N	mero	1.54	2.57
mate	partner	N	syn	4.91	8.18
leg	chair	N	mero	0.45	0.75
fad	trend	N	hyp	4.8	8
pike	fish	N	hyp	5.23	8.72
digger	miner	N	cohyp	3.92	6.53
safety	insurance	N	r-hyp	2.73	4.55
plot	plan	N	hyp	4.78	7.97
gull	bird	N	hyp	5.43	9.05
view	perception	N	hyp	4.64	7.73
feeling	anxiety	N	r-hyp	1.2	2
asia	africa	N	cohyp	0.42	0.7
homework	assignment	N	hyp	5.2	8.67
noun	word	N	hyp	5.64	9.4
pitcher	catcher	N	cohyp	1.2	2
suggestion	hint	N	r-hyp	4.22	7.03
shield	armor	N	hyp	5.4	9
custard	building	N	no-rel	0	0
gauge	measure	N	hyp	3.69	6.15
book	encyclopedia	N	r-hyp	1.33	2.22
soil	shower	N	no-rel	0.2	0.33
rain	shower	N	r-hyp	3.44	5.73
back	body	N	mero	2.08	3.47
lip	tongue	N	cohyp	0.4	0.67
father	mother	N	ant	0.77	1.28
letter	symbol	N	hyp	5.33	8.88
owl	animal	N	hyp	6	10
horse	mammal	N	hyp	6	10
spoon	fork	N	cohyp	0.83	1.38
morning	night	N	cohyp	0.5	0.83
caravan	group	N	hyp	3	5
bourbon	alcohol	N	hyp	5.69	9.48
tissue	meal	N	no-rel	0.4	0.67
butterfly	insect	N	hyp	5.46	9.1
author	writer	N	syn	5	8.33
snake	serpent	N	syn	5.31	8.85
commander	leader	N	hyp	5.23	8.72
hypothesis	idea	N	hyp	5.08	8.47
saw	tool	N	hyp	5.92	9.87
chip	computer	N	mero	1.6	2.67
hurricane	tornado	N	cohyp	2.17	3.62
radio	medium	N	hyp	3.54	5.9
leg	thigh	N	cohyp	0.69	1.15
poison	venom	N	r-hyp	2.75	4.58
spinach	vegetable	N	hyp	6	10
blade	mower	N	mero	1.38	2.3
alligator	reptile	N	hyp	5.62	9.37
stove	floor	N	no-rel	0.23	0.38
quiz	test	N	hyp	5.23	8.72
ozone	atmosphere	N	cohyp	4.46	7.43
technician	worker	N	hyp	5.29	8.82
absence	presence	N	ant	2.38	3.97
life	existence	N	hyp	5.18	8.63
avenue	street	N	hyp	4.08	6.8
exercise	activity	N	hyp	5.64	9.4
stump	tree	N	mero	2.73	4.55
limousine	car	N	hyp	5.93	9.88
cougar	cat	N	hyp	5.38	8.97
vault	bank	N	mero	2.67	4.45
penguin	bird	N	hyp	5.85	9.75
earth	matter	N	hyp	4.23	7.05
film	sun	N	no-rel	0.31	0.52
mile	inch	N	cohyp	0.54	0.9
crab	animal	N	hyp	4.36	7.27
dandruff	flake	N	hyp	4.67	7.78
fig	date	N	cohyp	2.5	4.17
adjective	word	N	hyp	5.77	9.62
scalpel	tool	N	hyp	5.75	9.58
group	party	N	r-hyp	1.67	2.78
hurricane	storm	N	hyp	5.64	9.4
wife	husband	N	ant	0.77	1.28
trunk	elephant	N	mero	0.77	1.28
oxygen	gas	N	hyp	5.69	9.48
drawer	chest	N	mero	1.3	2.17
ball	game	N	hyp	3.15	5.25
gander	bird	N	hyp	4	6.67
walkway	sidewalk	N	r-hyp	5.08	8.47
brother	sister	N	ant	0.91	1.52
turkey	bird	N	hyp	5.83	9.72
easter	holiday	N	hyp	5.85	9.75
remedy	cause	N	hyp	0.62	1.03
ability	strength	N	r-hyp	3.23	5.38
kangaroo	animal	N	hyp	6	10
thesaurus	book	N	hyp	5.46	9.1
capacity	limit	N	cohyp	4.77	7.95
tenor	singer	N	hyp	5.45	9.08
point	score	N	mero	5	8.33
airplane	cannon	N	no-rel	0.46	0.77
saxophone	treatment	N	no-rel	0.09	0.15
sport	recreation	N	hyp	5.6	9.33
freeway	road	N	hyp	5.55	9.25
head	tail	N	ant	0.18	0.3
chest	trunk	N	mero	3.45	5.75
basketball	sport	N	hyp	6	10
knife	sword	N	cohyp	3.1	5.17
liberty	freedom	N	hyp	4.09	6.82
snake	reptile	N	hyp	5.55	9.25
sum	total	N	syn	4.92	8.2
land	region	N	hyp	2.71	4.52
atmosphere	killer	N	no-rel	1.08	1.8
agreement	disagreement	N	ant	1.18	1.97
suede	material	N	hyp	5.7	9.5
analysis	study	N	hyp	4.2	7
boat	ship	N	cohyp	4.2	7
tree	wood	N	mero	3.36	5.6
weed	plant	N	hyp	5.54	9.23
backpack	purse	N	cohyp	1.54	2.57
bouillon	broth	N	hyp	4.27	7.12
symptom	pain	N	r-hyp	1.27	2.12
mansion	home	N	hyp	5.42	9.03
granite	stone	N	hyp	5.9	9.83
corpse	body	N	hyp	4.38	7.3
canary	feather	N	no-rel	0.42	0.7
student	pupil	N	syn	5.55	9.25
peace	truce	N	r-hyp	3.83	6.38
jewelry	earring	N	r-hyp	1.31	2.18
spade	card	N	hyp	4.33	7.22
peanut	nut	N	hyp	5.73	9.55
cut	injury	N	hyp	4.8	8
grape	extremity	N	no-rel	0.36	0.6
unemployment	employment	N	ant	0.46	0.77
feast	gathering	N	hyp	4.4	7.33
robber	outlaw	N	hyp	5.18	8.63
fleet	navy	N	mero	2.42	4.03
appliance	dishwasher	N	r-hyp	0.9	1.5
pile	haystack	N	r-hyp	1.36	2.27
story	writing	N	hyp	5	8.33
tenor	bass	N	cohyp	1.67	2.78
tool	shovel	N	r-hyp	1.54	2.57
bath	tub	N	syn	3.38	5.63
vocabulary	language	N	mero	1.58	2.63
week	month	N	mero	0.62	1.03
gallon	measure	N	hyp	5.82	9.7
treasure	possession	N	hyp	4.46	7.43
task	job	N	syn	3.69	6.15
spouse	marriage	N	mero	1.38	2.3
dungeon	castle	N	mero	1.43	2.38
language	communication	N	hyp	5.36	8.93
wheat	cereal	N	hyp	4.58	7.63
cigarette	cigar	N	cohyp	2.92	4.87
hockey	sentence	N	no-rel	0.71	1.18
bride	wedding	N	mero	0.8	1.33
ear	head	N	mero	0	0
foot	measure	N	hyp	5.08	8.47
answer	question	N	ant	0.82	1.37
herd	group	N	hyp	5.54	9.23
onion	garlic	N	cohyp	0.62	1.03
month	year	N	mero	1.31	2.18
mechanic	worker	N	hyp	5.73	9.55
castle	home	N	hyp	5.2	8.67
horse	stud	N	r-hyp	2	3.33
umbrella	protection	N	hyp	4.4	7.33
aardvark	animal	N	hyp	5.92	9.87
tunnel	passage	N	hyp	5.15	8.58
toaster	appliance	N	hyp	5.64	9.4
character	personality	N	mero	2.38	3.97
chest	breast	N	syn	2.75	4.58
egg	architecture	N	no-rel	0.33	0.55
prisoner	captive	N	syn	5	8.33
burglar	crook	N	hyp	5.5	9.17
elephant	mammal	N	hyp	5.83	9.72
example	instance	N	syn	2.42	4.03
miner	worker	N	hyp	5.46	9.1
pleasure	pain	N	ant	1.4	2.33
constitution	document	N	hyp	4.6	7.67
casket	coffin	N	syn	4.46	7.43
tomato	vegetable	N	hyp	1.58	2.63
professional	expert	N	hyp	3.82	6.37
worker	mason	N	r-hyp	1.77	2.95
whale	mammal	N	hyp	5.77	9.62
pint	measure	N	hyp	5.82	9.7
region	partner	N	no-rel	0.45	0.75
fig	food	N	hyp	5	8.33
sight	sense	N	hyp	5.93	9.88
section	part	N	hyp	3.08	5.13
lip	mouth	N	syn	1.85	3.08
cactus	plant	N	hyp	5.75	9.58
cat	mammal	N	hyp	5.1	8.5
crow	bird	N	hyp	6	10
component	element	N	syn	2.31	3.85
citizen	salesman	N	no-rel	1.15	1.92
keyboard	arm	N	no-rel	0.54	0.9
woman	heroine	N	r-hyp	1.75	2.92
racquetball	sport	N	hyp	5.42	9.03
wood	lumber	N	mero	2.15	3.58
plant	turnip	N	r-hyp	0.46	0.77
garlic	onion	N	cohyp	1.64	2.73
sister	relation	N	hyp	5.45	9.08
wisdom	knowledge	N	hyp	4.85	8.08
alligator	animal	N	hyp	5.85	9.75
era	time	N	hyp	5.31	8.85
banjo	guitar	N	cohyp	4	6.67
bug	creature	N	hyp	5.38	8.97
wealth	poverty	N	ant	0.43	0.72
lemon	tree	N	hyp	3.45	5.75
machine	spice	N	no-rel	0.27	0.45
meal	snack	N	r-hyp	1.69	2.82
van	vehicle	N	hyp	5.85	9.75
director	conductor	N	syn	4.7	7.83
goose	animal	N	hyp	5.85	9.75
number	eight	N	r-hyp	0.64	1.07
thumb	finger	N	hyp	4.77	7.95
mammal	dog	N	r-hyp	1.3	2.17
response	answer	N	syn	5.33	8.88
shelf	counter	N	mero	1.91	3.18
lane	road	N	cohyp	3.25	5.42
sandwich	food	N	hyp	6	10
statue	figure	N	hyp	4.3	7.17
paradise	heaven	N	syn	4.55	7.58
protection	helmet	N	r-hyp	1.5	2.5
chili	food	N	hyp	5.89	9.82
group	legion	N	r-hyp	2	3.33
twister	storm	N	hyp	4.54	7.57
geology	science	N	hyp	5.4	9
time	space	N	cohyp	1.6	2.67
pal	buddy	N	syn	5	8.33
feeling	ecstasy	N	r-hyp	1.2	2
competition	contest	N	syn	4.9	8.17
mousse	food	N	hyp	5.38	8.97
artist	creator	N	hyp	5.69	9.48
wave	motion	N	hyp	4.33	7.22
sickness	health	N	ant	2.46	4.1
reptile	animal	N	hyp	5.92	9.87
spike	shoe	N	mero	2.17	3.62
servant	slave	N	cohyp	3	5
chance	opportunity	N	syn	3.77	6.28
pocketbook	wallet	N	syn	3.17	5.28
worker	technician	N	r-hyp	3.1	5.17
south	north	N	cohyp	0.2	0.33
feeling	empathy	N	r-hyp	1.45	2.42
hail	rain	N	cohyp	3.91	6.52
machine	computer	N	r-hyp	1.46	2.43
work	homework	N	r-hyp	1.92	3.2
pork	meat	N	hyp	5.9	9.83
radish	vegetable	N	hyp	5.75	9.58
olive	food	N	hyp	5.75	9.58
figure	statue	N	r-hyp	2.91	4.85
graduation	ceremony	N	hyp	5.8	9.67
typewriter	machine	N	hyp	5.3	8.83
gravy	food	N	hyp	5.27	8.78
bicycle	vehicle	N	hyp	4.8	8
leg	extremity	N	hyp	3.36	5.6
truce	peace	N	hyp	4.8	8
tail	water	N	no-rel	0.31	0.52
wallet	briefcase	N	cohyp	1	1.67
mosquito	wisdom	N	no-rel	0.38	0.63
conclusion	beginning	N	ant	0.23	0.38
ruby	crystal	N	hyp	4.5	7.5
six	seven	N	cohyp	0.31	0.52
filth	dirt	N	syn	4.33	7.22
mixture	solution	N	r-hyp	4.42	7.37
wrinkle	skin	N	mero	1.64	2.73
cathedral	injury	N	no-rel	0.08	0.13
bat	animal	N	hyp	5.71	9.52
cup	container	N	hyp	5.15	8.58
sorority	organization	N	hyp	4.77	7.95
competence	capability	N	cohyp	3.4	5.67
weed	venom	N	no-rel	0.22	0.37
softball	football	N	cohyp	0.58	0.97
animal	container	N	no-rel	0.3	0.5
baseball	football	N	cohyp	0.4	0.67
witch	job	N	no-rel	2.11	3.52
journal	book	N	hyp	5	8.33
worker	carpenter	N	r-hyp	1.36	2.27
cashew	nut	N	hyp	4.8	8
picture	painting	N	syn	2.27	3.78
person	climber	N	r-hyp	1.8	3
package	box	N	cohyp	3.18	5.3
mist	cloud	N	hyp	3.38	5.63
ape	primate	N	hyp	5.83	9.72
competition	race	N	r-hyp	1.77	2.95
appliance	spine	N	no-rel	0.08	0.13
dolphin	fish	N	hyp	2.54	4.23
notion	constitution	N	no-rel	2.2	3.67
cloud	sky	N	mero	1.23	2.05
painting	art	N	hyp	5.75	9.58
canary	bird	N	hyp	6	10
heel	boot	N	mero	0.8	1.33
tablet	pill	N	syn	3.92	6.53
dishwasher	appliance	N	hyp	5.69	9.48
clue	evidence	N	hyp	4.77	7.95
fairytale	story	N	hyp	5.92	9.87
bog	marsh	N	cohyp	4.44	7.4
meal	supper	N	r-hyp	1.77	2.95
apex	point	N	hyp	4.67	7.78
anatomy	human	N	mero	1.83	3.05
copper	bronze	N	mero	1	1.67
vegetable	tomato	N	r-hyp	1	1.67
flower	bloom	N	syn	2.45	4.08
competition	calculator	N	no-rel	1.17	1.95
bathtub	bathroom	N	mero	1.23	2.05
contract	agreement	N	hyp	5.91	9.85
fiddle	instrument	N	hyp	5.7	9.5
gate	door	N	cohyp	3.92	6.53
youth	group	N	hyp	4.46	7.43
barracuda	fish	N	hyp	5.73	9.55
waitress	worker	N	hyp	5.92	9.87
lizard	animal	N	hyp	5.21	8.68
arm	extremity	N	hyp	4.36	7.27
penguin	animal	N	hyp	5.75	9.58
novice	beginner	N	syn	4.23	7.05
plate	spoon	N	cohyp	0.2	0.33
citizen	person	N	hyp	5.18	8.63
flea	insect	N	hyp	5.69	9.48
blueberry	berry	N	hyp	6	10
toy	doll	N	r-hyp	2.1	3.5
zucchini	food	N	hyp	5.91	9.85
turnip	plant	N	hyp	4.83	8.05
animal	lamb	N	r-hyp	0.93	1.55
restroom	alligator	N	no-rel	0.25	0.42
ointment	cure	N	hyp	3.69	6.15
site	location	N	hyp	4.31	7.18
pickle	food	N	hyp	5.27	8.78
sand	beach	N	mero	2.85	4.75
flute	instrument	N	hyp	6	10
pan	dish	N	cohyp	3.91	6.52
summit	peak	N	syn	5.75	9.58
scallop	food	N	hyp	5.89	9.82
fire	water	N	cohyp	0.2	0.33
fish	bass	N	r-hyp	0.5	0.83
bean	vegetable	N	hyp	4.29	7.15
antler	deer	N	mero	0.77	1.28
panther	cat	N	hyp	5.7	9.5
blue	color	N	hyp	5.9	9.83
beer	beverage	N	hyp	5.55	9.25
bruise	wound	N	cohyp	5	8.33
president	leader	N	hyp	5.42	9.03
ham	food	N	hyp	5.93	9.88
utensil	tool	N	cohyp	5.4	9
basketball	activity	N	hyp	6	10
lamp	table	N	cohyp	0.09	0.15
ruby	jewel	N	hyp	5.92	9.87
barley	food	N	hyp	5.8	9.67
dog	mammal	N	hyp	4.55	7.58
snack	food	N	hyp	4.67	7.78
rhyme	poem	N	mero	4.33	7.22
dove	bird	N	hyp	5.92	9.87
project	element	N	no-rel	0.08	0.13
sheep	herd	N	mero	1.67	2.78
leadership	layer	N	no-rel	0.27	0.45
colt	gun	N	hyp	4.46	7.43
schedule	plan	N	hyp	4.18	6.97
person	publisher	N	r-hyp	2.23	3.72
pollution	boat	N	no-rel	0.2	0.33
treatment	therapy	N	r-hyp	2.46	4.1
mouse	rodent	N	hyp	5.83	9.72
pun	humor	N	hyp	4.83	8.05
skunk	animal	N	hyp	6	10
butter	cream	N	cohyp	2.69	4.48
conference	group	N	hyp	4.08	6.8
screwdriver	tool	N	hyp	6	10
pumpkin	squash	N	hyp	3.45	5.75
aunt	planet	N	no-rel	0.08	0.13
fraud	deception	N	hyp	5.71	9.52
perfume	deodorant	N	cohyp	2.64	4.4
gun	rifle	N	r-hyp	2.27	3.78
news	information	N	hyp	5.46	9.1
glass	crystal	N	cohyp	2.83	4.72
silver	metal	N	hyp	5.83	9.72
deception	fraud	N	r-hyp	4.9	8.17
intestine	stomach	N	mero	1.23	2.05
aroma	scent	N	syn	4.3	7.17
father	son	N	cohyp	1.58	2.63
obstacle	impediment	N	hyp	5	8.33
gold	metal	N	hyp	5.83	9.72
strap	bra	N	mero	0.93	1.55
igloo	hut	N	hyp	4.77	7.95
lipstick	class	N	no-rel	0.21	0.35
trunk	car	N	mero	0.43	0.72
gravy	sauce	N	hyp	5.73	9.55
gene	chromosome	N	mero	2.46	4.1
nylon	material	N	hyp	5.85	9.75
lady	castle	N	no-rel	0.5	0.83
symbol	letter	N	r-hyp	1.54	2.57
magazine	book	N	cohyp	2.89	4.82
airplane	aircraft	N	hyp	5.75	9.58
porch	house	N	mero	1.08	1.8
tongue	throat	N	mero	0.27	0.45
medium	television	N	r-hyp	1.33	2.22
auto	vehicle	N	hyp	1.55	2.58
choir	group	N	hyp	5.23	8.72
mud	dirt	N	hyp	4.77	7.95
attorney	lawyer	N	syn	4.54	7.57
tomorrow	yesterday	N	cohyp	1.33	2.22
shadow	light	N	ant	1.69	2.82
priest	rabbi	N	cohyp	2.09	3.48
maid	girl	N	hyp	3.57	5.95
antidote	cure	N	hyp	5.46	9.1
act	drama	N	mero	3.62	6.03
flashlight	agency	N	no-rel	0.31	0.52
bassinet	cradle	N	cohyp	3.58	5.97
skillet	pan	N	hyp	5.7	9.5
kitchen	unit	N	hyp	1.77	2.95
wife	art	N	no-rel	0.23	0.38
ending	end	N	syn	3.3	5.5
oregano	food	N	hyp	3.58	5.97
note	message	N	hyp	5.4	9
comment	answer	N	cohyp	4	6.67
food	pie	N	r-hyp	0.92	1.53
bandanna	cloth	N	hyp	4.75	7.92
comma	punctuation	N	hyp	5.67	9.45
tool	screwdriver	N	r-hyp	1.08	1.8
cotton	wool	N	cohyp	2.4	4
conflict	war	N	r-hyp	3.67	6.12
calculus	math	N	hyp	6	10
silk	satin	N	cohyp	2	3.33
gangster	gang	N	mero	1.42	2.37
pony	horse	N	hyp	4.75	7.92
liver	organ	N	hyp	5.92	9.87
judgment	verdict	N	r-hyp	4.54	7.57
guilt	feeling	N	hyp	5.6	9.33
snake	animal	N	hyp	5.25	8.75
star	symbol	N	hyp	4.91	8.18
noun	adjective	N	cohyp	0.5	0.83
haze	fog	N	syn	4.7	7.83
storm	typhoon	N	r-hyp	2	3.33
poetry	prose	N	cohyp	3.64	6.07
nun	softball	N	no-rel	0.08	0.13
pluto	planet	N	hyp	5	8.33
tragedy	comedy	N	ant	0.45	0.75
idol	person	N	hyp	2.57	4.28
virtue	quality	N	hyp	5.17	8.62
orange	fruit	N	hyp	6	10
staff	group	N	hyp	3.77	6.28
symptom	disease	N	mero	0.85	1.42
magazine	publication	N	hyp	4.82	8.03
omelet	food	N	hyp	5.85	9.75
couch	sofa	N	syn	4.3	7.17
sibling	family	N	mero	4.77	7.95
nitrogen	element	N	hyp	5.75	9.58
lake	water	N	hyp	5.09	8.48
horn	instrument	N	hyp	5.15	8.58
violin	cello	N	cohyp	1.55	2.58
squash	food	N	hyp	5.67	9.45
mink	animal	N	hyp	5.5	9.17
sickness	illness	N	syn	4.15	6.92
phase	stage	N	syn	4.33	7.22
jet	plane	N	hyp	5.25	8.75
protein	meat	N	mero	1.18	1.97
migraine	pain	N	hyp	5.42	9.03
officer	police	N	mero	3.83	6.38
stethoscope	instrument	N	hyp	5.6	9.33
protein	egg	N	mero	0.46	0.77
cricket	game	N	hyp	5	8.33
pillow	padding	N	hyp	4.17	6.95
bass	fish	N	hyp	5.77	9.62
lime	fruit	N	hyp	5.82	9.7
price	worth	N	hyp	4.2	7
fraternity	club	N	hyp	5.46	9.1
sunset	sunrise	N	ant	0.31	0.52
conversation	communication	N	hyp	6	10
bone	tissue	N	hyp	1.23	2.05
forest	jungle	N	r-hyp	3.2	5.33
wing	skin	N	no-rel	0.6	1
bread	football	N	no-rel	0.08	0.13
bean	food	N	hyp	5.83	9.72
tree	plant	N	hyp	5.18	8.63
container	flask	N	r-hyp	1.1	1.83
ritual	custom	N	hyp	4.46	7.43
verdict	judgment	N	hyp	5.8	9.67
head	pin	N	mero	1.08	1.8
mushroom	food	N	hyp	5.44	9.07
bulletin	message	N	hyp	5.33	8.88
bucket	container	N	hyp	6	10
vault	chamber	N	hyp	5.15	8.58
agreement	bench	N	no-rel	0.15	0.25
label	sign	N	hyp	4.4	7.33
circumstance	situation	N	hyp	3.85	6.42
salmon	fish	N	hyp	6	10
absence	medicine	N	no-rel	0.38	0.63
chairperson	leader	N	hyp	4.83	8.05
communication	language	N	r-hyp	3.23	5.38
idol	sword	N	no-rel	0.29	0.48
screwdriver	ghost	N	no-rel	0.08	0.13
cord	line	N	hyp	3.29	5.48
jesus	god	N	hyp	3.5	5.83
price	value	N	hyp	4.55	7.58
server	waitress	N	r-hyp	3.85	6.42
fame	glory	N	cohyp	4.75	7.92
meter	measure	N	hyp	5.9	9.83
spade	shovel	N	hyp	5.08	8.47
university	school	N	cohyp	5.77	9.62
bride	gathering	N	no-rel	0.33	0.55
day	week	N	cohyp	0.75	1.25
appliance	microwave	N	r-hyp	2	3.33
lock	door	N	mero	0.67	1.12
shoulder	body	N	mero	1.92	3.2
nun	monk	N	cohyp	2.89	4.82
shrimp	seafood	N	hyp	6	10
caffeine	tea	N	mero	1.15	1.92
hedge	fence	N	hyp	3.92	6.53
boy	kid	N	hyp	5.42	9.03
marble	rock	N	hyp	5	8.33
killer	murderer	N	r-hyp	5	8.33
bar	pub	N	mero	4.92	8.2
safety	danger	N	ant	0.25	0.42
superstition	belief	N	hyp	4.15	6.92
mouth	universe	N	no-rel	0.29	0.48
place	area	N	hyp	4.77	7.95
spot	mark	N	hyp	4.89	8.15
psychology	science	N	hyp	5.27	8.78
orchid	plant	N	hyp	5.45	9.08
proof	evidence	N	hyp	5.3	8.83
procedure	operation	N	syn	3.67	6.12
marrow	bone	N	cohyp	2.3	3.83
pipe	organ	N	mero	3	5
auto	car	N	syn	1.9	3.17
arithmetic	math	N	hyp	5.1	8.5
cupboard	closet	N	syn	3.23	5.38
nephew	niece	N	ant	0.5	0.83
wing	bird	N	mero	0.69	1.15
finger	glove	N	mero	0.62	1.03
family	home	N	syn	2.25	3.75
darkness	light	N	ant	0.9	1.5
haven	shelter	N	hyp	2.64	4.4
fault	failure	N	hyp	2.67	4.45
citrus	tree	N	hyp	3.42	5.7
crew	group	N	hyp	5.64	9.4
extension	addition	N	hyp	3.25	5.42
threshold	door	N	mero	2	3.33
corporal	officer	N	hyp	4.8	8
sport	activity	N	hyp	5.6	9.33
lieutenant	officer	N	hyp	4.38	7.3
union	group	N	hyp	5.67	9.45
principle	idea	N	hyp	3.25	5.42
lecture	class	N	mero	5.08	8.47
leather	material	N	hyp	5.54	9.23
legislature	government	N	mero	3.58	5.97
foresight	wisdom	N	hyp	4.15	6.92
geometry	math	N	hyp	5.46	9.1
puddle	water	N	hyp	3.42	5.7
manner	style	N	syn	2.54	4.23
panel	board	N	syn	4.62	7.7
jaw	face	N	mero	0.73	1.22
armor	attic	N	no-rel	0.08	0.13
amateur	heaven	N	no-rel	0.36	0.6
animal	rat	N	r-hyp	0	0
joy	sorrow	N	ant	0.69	1.15
cobra	snake	N	hyp	5.45	9.08
road	avenue	N	r-hyp	1.27	2.12
happiness	emotion	N	hyp	5.9	9.83
sonnet	poem	N	hyp	5.38	8.97
religion	belief	N	hyp	4.58	7.63
performance	seat	N	no-rel	0.09	0.15
medication	medicine	N	syn	5	8.33
conflict	disagreement	N	r-hyp	5.2	8.67
elbow	joint	N	hyp	4.31	7.18
lunch	breakfast	N	cohyp	0.09	0.15
mob	group	N	hyp	5.18	8.63
club	organization	N	hyp	5.46	9.1
cathedral	building	N	hyp	5.69	9.48
cone	shape	N	hyp	5.83	9.72
gun	weapon	N	hyp	5.92	9.87
instinct	knowledge	N	hyp	2.86	4.77
dinosaur	animal	N	hyp	4.92	8.2
diner	restaurant	N	hyp	5.55	9.25
saturn	venus	N	cohyp	0.77	1.28
snack	meal	N	hyp	5.3	8.83
pasta	salad	N	cohyp	2.55	4.25
ivy	plant	N	hyp	5.4	9
tennis	activity	N	hyp	5.42	9.03
rock	boulder	N	r-hyp	2	3.33
kidney	organ	N	hyp	5.92	9.87
device	phone	N	r-hyp	1.38	2.3
pope	leader	N	hyp	5.22	8.7
knife	dagger	N	r-hyp	2.92	4.87
task	chore	N	syn	4.3	7.17
bolt	lock	N	mero	5.5	9.17
strength	ability	N	hyp	4.9	8.17
scrap	piece	N	hyp	4.3	7.17
keyboard	organ	N	mero	3.23	5.38
soil	ground	N	hyp	4.62	7.7
punishment	reward	N	ant	1.08	1.8
whale	cricket	N	no-rel	0.08	0.13
cure	remedy	N	syn	4.69	7.82
chair	furniture	N	hyp	6	10
herb	food	N	hyp	4	6.67
jungle	forest	N	hyp	4.75	7.92
chain	bucket	N	no-rel	0	0
bunny	rabbit	N	hyp	3.91	6.52
lieutenant	courage	N	no-rel	0.54	0.9
macaroni	food	N	hyp	5.45	9.08
customer	person	N	hyp	5.45	9.08
twig	branch	N	hyp	4.46	7.43
wall	department	N	no-rel	0.4	0.67
fingernail	finger	N	mero	0.9	1.5
producer	maker	N	hyp	4.56	7.6
aspirin	drug	N	hyp	5.92	9.87
square	circle	N	cohyp	0.42	0.7
cow	animal	N	hyp	6	10
material	rubber	N	r-hyp	0.77	1.28
jaw	bone	N	hyp	4.91	8.18
hatchet	ax	N	hyp	4.73	7.88
animal	duck	N	r-hyp	1	1.67
paddy	rice	N	hyp	1.54	2.57
christ	jesus	N	syn	2.27	3.78
ascent	descent	N	ant	1	1.67
clerk	worker	N	hyp	5.31	8.85
share	stock	N	mero	3.14	5.23
crossing	road	N	mero	2.08	3.47
mushroom	monster	N	no-rel	0.09	0.15
mammal	dolphin	N	r-hyp	0.64	1.07
yolk	egg	N	mero	1.2	2
hobby	interest	N	hyp	4.82	8.03
speaker	person	N	hyp	4.25	7.08
heaven	hell	N	ant	0.4	0.67
adverb	noun	N	cohyp	1	1.67
boy	child	N	hyp	5.77	9.62
penny	coin	N	hyp	5.73	9.55
toll	fee	N	hyp	5.6	9.33
earring	ring	N	cohyp	1.7	2.83
ground	land	N	syn	4.73	7.88
starboard	toilet	N	no-rel	0.15	0.25
jealousy	feeling	N	hyp	5.58	9.3
tennis	recreation	N	hyp	4.69	7.82
triangle	shape	N	hyp	5.7	9.5
remorse	repentance	N	r-hyp	2.1	3.5
task	duty	N	hyp	3.92	6.53
iron	steel	N	mero	3.33	5.55
rubber	material	N	hyp	5.62	9.37
haystack	pile	N	hyp	5.08	8.47
goal	achievement	N	hyp	4.71	7.85
twelve	number	N	hyp	6	10
data	information	N	syn	5.18	8.63
video	television	N	mero	1.45	2.42
math	science	N	hyp	3.62	6.03
juice	milk	N	cohyp	0.33	0.55
collar	neck	N	mero	0.73	1.22
glass	cup	N	cohyp	4.43	7.38
reminiscence	memory	N	hyp	4.09	6.82
lily	plant	N	hyp	5.64	9.4
flour	bread	N	mero	0.25	0.42
farmer	worker	N	hyp	5.64	9.4
cauliflower	food	N	hyp	5.86	9.77
game	chess	N	r-hyp	1.69	2.82
hair	mammal	N	mero	1	1.67
meatball	food	N	hyp	5.93	9.88
chemistry	knife	N	no-rel	0.5	0.83
medication	saxophone	N	no-rel	0	0
worker	mechanic	N	r-hyp	1.31	2.18
hamburger	food	N	hyp	5.85	9.75
beaver	animal	N	hyp	5.85	9.75
brain	motion	N	no-rel	0.08	0.13
mother	father	N	ant	0.69	1.15
gas	automobile	N	mero	1.2	2
forehead	face	N	mero	1.54	2.57
egg	milk	N	cohyp	0.18	0.3
runner	athlete	N	hyp	5.14	8.57
organ	kidney	N	r-hyp	1.17	1.95
steak	food	N	hyp	5.85	9.75
toe	foot	N	mero	0.22	0.37
three	six	N	cohyp	1.8	3
animal	beast	N	syn	3.4	5.67
blossom	kangaroo	N	no-rel	0.15	0.25
elm	oak	N	cohyp	1.5	2.5
flask	bottle	N	hyp	5.3	8.83
astronomy	science	N	hyp	5.92	9.87
saber	sword	N	hyp	5.4	9
rainbow	sky	N	mero	0.82	1.37
director	supervisor	N	hyp	5.08	8.47
broth	food	N	hyp	5.92	9.87
keyboard	typewriter	N	mero	2.86	4.77
cherry	fruit	N	hyp	5.92	9.87
detail	point	N	syn	2.33	3.88
gravity	force	N	hyp	5.7	9.5
person	nomad	N	r-hyp	1.54	2.57
smog	achievement	N	no-rel	0.5	0.83
science	anatomy	N	r-hyp	0.45	0.75
country	region	N	hyp	2.4	4
neighborhood	area	N	hyp	5.09	8.48
king	queen	N	ant	0.43	0.72
flower	orchid	N	r-hyp	2.15	3.58
homework	project	N	hyp	3.36	5.6
department	organization	N	hyp	2.9	4.83
outside	inside	N	ant	0.23	0.38
male	female	N	ant	1.08	1.8
medication	treatment	N	hyp	4.83	8.05
grape	food	N	hyp	5.9	9.83
shelf	closet	N	mero	1.31	2.18
club	fraternity	N	r-hyp	2.08	3.47
submarine	vessel	N	hyp	5.15	8.58
mussel	seafood	N	hyp	5.33	8.88
front	rear	N	ant	0.3	0.5
enemy	crocodile	N	no-rel	0.2	0.33
formula	baker	N	no-rel	0.55	0.92
crater	volcano	N	mero	1	1.67
clerk	calculus	N	no-rel	0.64	1.07
hawk	eagle	N	cohyp	1	1.67
oak	necklace	N	no-rel	0.15	0.25
fear	tenor	N	no-rel	0.17	0.28
morning	intelligence	N	no-rel	0.17	0.28
mistake	ruler	N	no-rel	0.15	0.25
deck	ship	N	mero	0.31	0.52
mammal	elephant	N	r-hyp	0.33	0.55
refrigerator	ball	N	no-rel	0.1	0.17
lunch	violin	N	no-rel	0.15	0.25
oak	pine	N	cohyp	0.83	1.38
response	question	N	ant	0.77	1.28
pepper	salt	N	cohyp	0.79	1.32
peanut	cashew	N	cohyp	1	1.67
hydrogen	helium	N	cohyp	0.5	0.83
cheese	butter	N	cohyp	0.85	1.42
scribble	write	V	hyp	4.91	8.18
remark	slay	V	no-rel	0.64	1.07
shatter	break	V	hyp	5.15	8.58
inspect	search	V	cohyp	3.8	6.33
magnify	increase	V	hyp	4.17	6.95
slay	kill	V	hyp	5.55	9.25
retain	keep	V	hyp	5.33	8.88
decompose	decay	V	syn	5.33	8.88
flip	defend	V	no-rel	0.23	0.38
inform	update	V	r-hyp	3.8	6.33
snatch	catch	V	cohyp	3.31	5.52
move	sway	V	r-hyp	4.2	7
ponder	think	V	hyp	5.64	9.4
accelerate	increase	V	hyp	5	8.33
build	break	V	ant	0.64	1.07
overwhelm	defeat	V	hyp	2.85	4.75
write	talk	V	cohyp	1.58	2.63
assume	think	V	cohyp	4.38	7.3
move	stay	V	ant	0.31	0.52
return	send	V	hyp	3	5
recommend	advise	V	hyp	4	6.67
release	hold	V	ant	1.38	2.3
evaluate	reflect	V	no-rel	4.08	6.8
take	have	V	hyp	2.17	3.62
pour	spill	V	cohyp	2.08	3.47
punch	hit	V	hyp	4.85	8.08
pull	push	V	ant	0.54	0.9
unload	remove	V	hyp	4.45	7.42
debate	talk	V	hyp	4.69	7.82
purchase	buy	V	syn	4.45	7.42
create	build	V	r-hyp	3.77	6.28
look	glance	V	r-hyp	4.54	7.57
add	calculate	V	hyp	5.23	8.72
blame	drink	V	no-rel	0.08	0.13
pull	tug	V	r-hyp	4	6.67
advance	take	V	no-rel	1.42	2.37
touch	pinch	V	r-hyp	1.31	2.18
swim	run	V	cohyp	0.55	0.92
stir	turn	V	cohyp	2.86	4.77
analyze	waste	V	no-rel	0.42	0.7
rationalize	argue	V	hyp	3.08	5.13
remove	unload	V	r-hyp	4.17	6.95
swap	change	V	hyp	4.17	6.95
claim	say	V	hyp	2.71	4.52
fade	diminish	V	hyp	5	8.33
unite	marry	V	r-hyp	3.85	6.42
promise	climb	V	no-rel	0.08	0.13
grab	take	V	hyp	4.5	7.5
squint	look	V	hyp	4.69	7.82
understand	evaluate	V	hyp	2.38	3.97
calculate	deliver	V	no-rel	0.7	1.17
elect	select	V	hyp	4.75	7.92
recall	remember	V	syn	5.23	8.72
tell	recommend	V	r-hyp	2.83	4.72
talk	debate	V	r-hyp	4	6.67
admit	buy	V	no-rel	0.27	0.45
save	crash	V	no-rel	0.43	0.72
show	tell	V	hyp	2.64	4.4
direct	aim	V	hyp	3.4	5.67
limp	walk	V	hyp	4.4	7.33
assume	presume	V	syn	3.27	5.45
grasp	hold	V	hyp	5.43	9.05
accelerate	build	V	no-rel	0.57	0.95
differ	agree	V	ant	0.77	1.28
forget	diminish	V	no-rel	1.27	2.12
sit	lounge	V	r-hyp	3.92	6.53
presume	think	V	hyp	4.11	6.85
hide	develop	V	no-rel	0.2	0.33
control	hold	V	r-hyp	2.67	4.45
pray	communicate	V	hyp	2.9	4.83
decline	descend	V	hyp	2.5	4.17
put	give	V	hyp	1.8	3
demand	request	V	hyp	3.91	6.52
urge	suggest	V	hyp	3.77	6.28
smash	crush	V	syn	4.8	8
appear	happen	V	hyp	1.46	2.43
pull	tow	V	r-hyp	3.36	5.6
pause	run	V	no-rel	0.09	0.15
strike	miss	V	ant	1.57	2.62
stink	smell	V	hyp	4.5	7.5
smash	crash	V	cohyp	3.62	6.03
erode	tease	V	no-rel	1	1.67
split	tear	V	hyp	3.7	6.17
destroy	taste	V	no-rel	0.2	0.33
leave	control	V	no-rel	1.07	1.78
disintegrate	burn	V	cohyp	3.25	5.42
select	pick	V	r-hyp	4.85	8.08
dominate	control	V	hyp	4.46	7.43
warn	advise	V	hyp	5.75	9.58
pat	touch	V	hyp	5.36	8.93
protect	defend	V	hyp	4.7	7.83
capture	seize	V	hyp	5.5	9.17
criticize	remark	V	hyp	5	8.33
reserve	keep	V	hyp	4.09	6.82
closing	finish	V	hyp	4.67	7.78
grab	touch	V	hyp	4.3	7.17
hold	control	V	hyp	2.45	4.08
reject	deny	V	r-hyp	4.4	7.33
admit	deny	V	ant	0.79	1.32
reduce	shrink	V	syn	3.82	6.37
hesitate	wait	V	hyp	4.85	8.08
trail	follow	V	hyp	4.31	7.18
speak	scream	V	r-hyp	1.6	2.67
move	evict	V	r-hyp	2.46	4.1
disperse	separate	V	hyp	4.27	7.12
smother	kill	V	hyp	4.4	7.33
recall	ask	V	hyp	2.4	4
glance	stare	V	cohyp	2.1	3.5
ride	walk	V	ant	0.85	1.42
fade	vanish	V	hyp	4.46	7.43
erode	deteriorate	V	cohyp	4.42	7.37
persuade	change	V	hyp	4.44	7.4
acknowledge	ignore	V	ant	0.5	0.83
take	keep	V	hyp	2.57	4.28
change	swap	V	r-hyp	5.5	9.17
look	evaluate	V	hyp	4.5	7.5
annihilate	kill	V	hyp	5	8.33
unite	join	V	hyp	4.8	8
hurt	upset	V	hyp	4.33	7.22
retreat	descend	V	cohyp	2.55	4.25
clarify	explain	V	hyp	4.92	8.2
rise	fall	V	ant	0.31	0.52
blow	annihilate	V	no-rel	2.23	3.72
build	create	V	hyp	5.21	8.68
giggle	laugh	V	hyp	5.18	8.63
slide	move	V	hyp	5.08	8.47
shiver	shake	V	hyp	4.6	7.67
dismiss	repress	V	no-rel	2.83	4.72
shift	change	V	hyp	5.09	8.48
gulp	swallow	V	cohyp	5.43	9.05
tease	perform	V	no-rel	1.75	2.92
beg	sip	V	no-rel	0.45	0.75
accelerate	admit	V	no-rel	0.23	0.38
develop	make	V	hyp	4.46	7.43
drift	float	V	syn	2.73	4.55
count	evaluate	V	hyp	3.67	6.12
gain	get	V	hyp	4.62	7.7
ask	recall	V	r-hyp	1.5	2.5
flee	run	V	hyp	4.75	7.92
accept	deny	V	ant	0.55	0.92
wipe	catch	V	no-rel	0.45	0.75
succeed	fail	V	ant	0.46	0.77
say	claim	V	r-hyp	2.1	3.5
reserve	hold	V	hyp	4.73	7.88
deny	reject	V	hyp	3.92	6.53
draw	create	V	hyp	5.27	8.78
address	talk	V	hyp	3.23	5.38
argue	rationalize	V	r-hyp	2.67	4.45
bump	grind	V	cohyp	1	1.67
advance	retreat	V	ant	1	1.67
inspect	examine	V	hyp	4.55	7.58
crave	desire	V	hyp	4.85	8.08
reprimand	scold	V	syn	5	8.33
nag	complain	V	hyp	5.31	8.85
move	tow	V	r-hyp	2.08	3.47
suggest	say	V	hyp	3.75	6.25
deteriorate	forget	V	no-rel	2.31	3.85
attack	remove	V	no-rel	1.14	1.9
deny	crush	V	no-rel	1.31	2.18
wipe	rub	V	hyp	4.08	6.8
borrow	bother	V	no-rel	0.77	1.28
cast	show	V	hyp	1.8	3
cook	burn	V	cohyp	2.29	3.82
give	take	V	ant	0.93	1.55
describe	explain	V	hyp	4.3	7.17
tease	annoy	V	hyp	4.62	7.7
swear	promise	V	hyp	4.85	8.08
allow	attach	V	no-rel	1	1.67
scramble	mix	V	cohyp	4.46	7.43
receive	obtain	V	syn	5.27	8.78
separate	split	V	syn	4.07	6.78
advise	talk	V	hyp	4.67	7.78
collect	spin	V	no-rel	0.09	0.15
lounge	sit	V	hyp	4.3	7.17
instruct	inform	V	hyp	4.31	7.18
tug	pull	V	hyp	4.77	7.95
explain	express	V	hyp	3.92	6.53
bother	affect	V	hyp	4.17	6.95
erupt	explode	V	hyp	4.69	7.82
munch	chew	V	hyp	4.18	6.97
hate	reflect	V	no-rel	2.5	4.17
tow	pull	V	hyp	5.18	8.63
snatch	take	V	hyp	5.15	8.58
defend	protect	V	r-hyp	5.08	8.47
reappear	show	V	cohyp	3.38	5.63
break	shatter	V	r-hyp	3.33	5.55
embrace	hold	V	hyp	5.1	8.5
aim	direct	V	r-hyp	5	8.33
sprinkle	pour	V	cohyp	2.23	3.72
collect	obtain	V	cohyp	5	8.33
run	jump	V	cohyp	0.71	1.18
prohibit	disallow	V	syn	5	8.33
do	be	V	hyp	1.75	2.92
hitchhike	travel	V	hyp	4	6.67
ascend	rise	V	hyp	4.58	7.63
pause	break	V	hyp	4.9	8.17
blow	pop	V	cohyp	2.2	3.67
look	squint	V	r-hyp	2.17	3.62
hold	hug	V	r-hyp	3.75	6.25
compound	mix	V	r-hyp	3	5
suggest	tell	V	hyp	4.11	6.85
chew	grind	V	hyp	2.46	4.1
bother	tease	V	r-hyp	1.91	3.18
wed	marry	V	syn	4.91	8.18
separate	detach	V	r-hyp	4.42	7.37
take	kidnap	V	r-hyp	4.4	7.33
exercise	work	V	hyp	3	5
disguise	hide	V	hyp	5	8.33
strike	blow	V	cohyp	4.45	7.42
marry	unite	V	hyp	4.92	8.2
glare	reflect	V	hyp	3.62	6.03
shake	shiver	V	r-hyp	3.27	5.45
discover	find	V	syn	5	8.33
reap	get	V	hyp	4.31	7.18
keep	reserve	V	r-hyp	4.83	8.05
update	inform	V	hyp	3.64	6.07
break	crunch	V	r-hyp	3.75	6.25
erode	decay	V	hyp	5.08	8.47
search	examine	V	hyp	4.15	6.92
defrost	thaw	V	hyp	4.62	7.7
veer	turn	V	hyp	4.38	7.3
yell	speak	V	hyp	5.3	8.83
humiliate	hurt	V	hyp	5.07	8.45
smear	smudge	V	syn	5	8.33
talk	address	V	r-hyp	4	6.67
stew	cook	V	hyp	5.57	9.28
burst	erupt	V	r-hyp	4.2	7
hum	whistle	V	cohyp	1.14	1.9
ask	beg	V	cohyp	2.69	4.48
tease	bother	V	hyp	4.42	7.37
swim	sink	V	ant	0.64	1.07
kill	smother	V	r-hyp	1.42	2.37
desire	separate	V	no-rel	0.17	0.28
remove	move	V	hyp	3.69	6.15
buzz	fly	V	hyp	1.92	3.2
suppose	guess	V	syn	4.08	6.8
recycle	waste	V	cohyp	0.9	1.5
console	comfort	V	syn	5.71	9.52
blush	tan	V	cohyp	0.42	0.7
testify	tell	V	hyp	4.58	7.63
unload	move	V	hyp	3.73	6.22
jog	run	V	hyp	4.31	7.18
tote	carry	V	hyp	2.55	4.25
catch	capture	V	syn	3.91	6.52
spin	turn	V	hyp	5	8.33
invent	create	V	hyp	5.64	9.4
recommend	tell	V	hyp	3.92	6.53
catch	seize	V	hyp	3	5
disallow	smear	V	no-rel	0.5	0.83
flush	rinse	V	hyp	3.64	6.07
deny	forget	V	hyp	1.5	2.5
observe	watch	V	hyp	5.15	8.58
decay	erode	V	r-hyp	4.4	7.33
launch	send	V	cohyp	3.64	6.07
snatch	grab	V	cohyp	5.36	8.93
borrow	lend	V	ant	1.77	2.95
add	subtract	V	ant	0.46	0.77
mix	integrate	V	r-hyp	4.77	7.95
whisper	talk	V	hyp	5.5	9.17
glance	look	V	hyp	5.08	8.47
excuse	pardon	V	syn	3.8	6.33
descend	create	V	no-rel	1.1	1.83
touch	pat	V	r-hyp	3.73	6.22
assume	judge	V	hyp	3.69	6.15
understand	accept	V	hyp	2.45	4.08
acknowledge	accept	V	hyp	3.5	5.83
toss	throw	V	hyp	4.92	8.2
drag	pull	V	hyp	4.62	7.7
irritate	spend	V	no-rel	0.31	0.52
develop	learn	V	hyp	3.17	5.28
hit	run	V	cohyp	1.14	1.9
stink	dismiss	V	no-rel	0.62	1.03
acknowledge	admit	V	syn	4.23	7.05
tell	testify	V	r-hyp	4.09	6.82
reflect	think	V	hyp	4.67	7.78
sway	move	V	hyp	4.77	7.95
sip	drink	V	hyp	4.92	8.2
cook	stew	V	r-hyp	1.38	2.3
toss	pause	V	no-rel	0.08	0.13
climb	descend	V	ant	0.7	1.17
swallow	sell	V	no-rel	0.09	0.15
grasp	crunch	V	no-rel	1	1.67
knock	rap	V	hyp	4	6.67
ascend	leave	V	cohyp	1.08	1.8
help	add	V	no-rel	0.78	1.3
make	build	V	syn	5.09	8.48
decay	deteriorate	V	r-hyp	4.69	7.82
frustrate	irritate	V	hyp	4.62	7.7
look	stretch	V	no-rel	0.86	1.43
announce	say	V	hyp	4.55	7.58
drift	move	V	hyp	5.15	8.58
wait	seize	V	no-rel	0.23	0.38
pinch	touch	V	hyp	4.85	8.08
bend	turn	V	hyp	4.25	7.08
sell	buy	V	ant	0.92	1.53
suspect	think	V	hyp	2.8	4.67
learn	judge	V	no-rel	0.77	1.28
boil	freeze	V	ant	0.3	0.5
set	swing	V	r-hyp	0.83	1.38
run	control	V	hyp	2.91	4.85
decline	accept	V	ant	0.7	1.17
design	draw	V	cohyp	3.38	5.63
sit	stand	V	ant	0.55	0.92
get	increase	V	no-rel	2.6	4.33
urge	tell	V	hyp	2.6	4.33
pretend	dunk	V	no-rel	0.18	0.3
gain	burst	V	no-rel	0.69	1.15
observe	tan	V	no-rel	0.09	0.15
blow	strike	V	cohyp	3.58	5.97
evict	move	V	hyp	2.77	4.62
hitchhike	call	V	no-rel	0.92	1.53
bother	count	V	no-rel	0.38	0.63
show	unite	V	no-rel	0.33	0.55
break	explain	V	no-rel	0.54	0.9
stop	begin	V	ant	0.23	0.38
accept	allow	V	r-hyp	3.55	5.92
toss	annoy	V	no-rel	0.36	0.6
