lease	contract	HYPER
lease	challenge	RANDOM
lease	conclusion	RANDOM
lease	cord	RANDOM
lease	dwell	RANDOM
lease	jar	RANDOM
lease	new	RANDOM
lease	outside	RANDOM
lease	real	RANDOM
lease	rent	SYN
atmosphere	sky	PART_OF
atmosphere	fill	RANDOM
atmosphere	marriage	RANDOM
atmosphere	mold	RANDOM
atmosphere	narrow	RANDOM
atmosphere	side	RANDOM
atmosphere	use	RANDOM
atmosphere	war	RANDOM
atmosphere	weak	RANDOM
lace	tie	HYPER
lace	cloth	HYPER
lace	fabric	HYPER
lace	die	RANDOM
lace	mail	RANDOM
lace	mature	RANDOM
lace	pass	RANDOM
lace	skin	RANDOM
lace	stream	RANDOM
lace	train	RANDOM
chain	fasten	HYPER
chain	bicycle	PART_OF
chain	machine	PART_OF
chain	ingredient	RANDOM
chain	marriage	RANDOM
chain	outside	RANDOM
chain	pick	RANDOM
chain	play	RANDOM
chain	side	RANDOM
chain	slip	RANDOM
arithmetic	math	SYN
arithmetic	bridge	RANDOM
arithmetic	constellation	RANDOM
arithmetic	huge	RANDOM
arithmetic	lady	RANDOM
arithmetic	mankind	RANDOM
arithmetic	right	RANDOM
arithmetic	saucepan	RANDOM
arithmetic	weapon	RANDOM
cheat	affair	PART_OF
cheat	bounce	RANDOM
cheat	container	RANDOM
cheat	crop	RANDOM
cheat	fact	RANDOM
cheat	letter	RANDOM
cheat	pride	RANDOM
cheat	reproduction	RANDOM
cheat	zero	RANDOM
cheat	deceive	SYN
boot	hoof	SYN
boot	trunk	SYN
boot	shoe	HYPER
boot	create	RANDOM
boot	fireplace	RANDOM
boot	free	RANDOM
boot	root	RANDOM
boot	run	RANDOM
boot	see	RANDOM
boot	sign	RANDOM
move	rest	ANT
move	sit	ANT
move	stop	ANT
move	father	RANDOM
move	floor	RANDOM
move	harvest	RANDOM
move	lightweight	RANDOM
move	room	RANDOM
move	temperature	RANDOM
move	view	RANDOM
knot	tie	HYPER
knot	actor	RANDOM
knot	album	RANDOM
knot	dream	RANDOM
knot	hour	RANDOM
knot	pride	RANDOM
knot	residence	RANDOM
knot	strip	RANDOM
knot	bind	SYN
actress	actor	ANT
actress	human	HYPER
actress	person	HYPER
actress	full	RANDOM
actress	jar	RANDOM
actress	misunderstand	RANDOM
actress	shade	RANDOM
actress	spouse	RANDOM
actress	street	RANDOM
actress	up	RANDOM
brain	organ	HYPER
brain	body	PART_OF
brain	head	PART_OF
brain	person	PART_OF
brain	island	RANDOM
brain	movie	RANDOM
brain	radio	RANDOM
brain	scissor	RANDOM
brain	unhappy	RANDOM
brain	up	RANDOM
bright	dark	ANT
bright	dull	ANT
bright	apartment	RANDOM
bright	math	RANDOM
bright	mature	RANDOM
bright	pack	RANDOM
bright	soft	RANDOM
bright	wife	RANDOM
bright	chill	RANDOM
bright	scissor	RANDOM
paper	material	HYPER
paper	hear	RANDOM
paper	hole	RANDOM
paper	illuminate	RANDOM
paper	make	RANDOM
paper	pencil	RANDOM
paper	plant	RANDOM
paper	shade	RANDOM
paper	sit	RANDOM
lyric	text	HYPER
lyric	song	PART_OF
lyric	bolt	RANDOM
lyric	coin	RANDOM
lyric	generous	RANDOM
lyric	leaf	RANDOM
lyric	level	RANDOM
lyric	please	RANDOM
lyric	room	RANDOM
lyric	run	RANDOM
asia	place	HYPER
asia	earth	PART_OF
asia	count	RANDOM
asia	fortune	RANDOM
asia	health	RANDOM
asia	honesty	RANDOM
asia	hoof	RANDOM
asia	instruction	RANDOM
asia	nothing	RANDOM
asia	toe	RANDOM
human	animal	HYPER
human	mammal	HYPER
human	person	HYPER
human	nature	PART_OF
human	order	RANDOM
human	pattern	RANDOM
human	produce	RANDOM
human	stand	RANDOM
human	tight	RANDOM
bedroom	kitchen	ANT
bedroom	place	HYPER
bedroom	room	HYPER
bedroom	house	PART_OF
bedroom	competition	RANDOM
bedroom	happiness	RANDOM
bedroom	idle	RANDOM
bedroom	number	RANDOM
bedroom	sink	RANDOM
bedroom	suffer	RANDOM
battle	peace	ANT
battle	war	PART_OF
battle	fight	HYPER
battle	cattle	RANDOM
battle	decorate	RANDOM
battle	mail	RANDOM
battle	post	RANDOM
battle	sky	RANDOM
battle	conflict	SYN
japan	country	HYPER
japan	island	HYPER
japan	asia	PART_OF
japan	cool	RANDOM
japan	extinguish	RANDOM
japan	game	RANDOM
japan	original	RANDOM
japan	stitch	RANDOM
japan	vision	RANDOM
japan	weed	RANDOM
chair	table	ANT
chair	seat	HYPER
chair	stool	SYN
chair	member	RANDOM
chair	pencil	RANDOM
chair	separation	RANDOM
chair	song	RANDOM
chair	stage	RANDOM
chair	tool	RANDOM
chair	writer	RANDOM
captain	mate	ANT
captain	person	HYPER
captain	team	PART_OF
captain	integrity	RANDOM
captain	patient	RANDOM
captain	pencil	RANDOM
captain	soldier	RANDOM
captain	vertical	RANDOM
captain	wet	RANDOM
captain	master	SYN
milk	drink	HYPER
milk	liquid	HYPER
milk	cloudy	RANDOM
milk	curve	RANDOM
milk	equal	RANDOM
milk	future	RANDOM
milk	hoof	RANDOM
milk	strong	RANDOM
milk	town	RANDOM
blow	breathe	ANT
blow	suck	ANT
blow	letter	RANDOM
blow	sentence	RANDOM
blow	solution	RANDOM
blow	stale	RANDOM
blow	win	RANDOM
blow	strike	SYN
blow	wind	SYN
cell	room	HYPER
cell	body	PART_OF
cell	organism	PART_OF
cell	tissue	PART_OF
cell	eat	RANDOM
cell	erect	RANDOM
cell	gift	RANDOM
cell	narrow	RANDOM
cell	scissor	RANDOM
cell	weed	RANDOM
apartment	home	HYPER
apartment	house	HYPER
apartment	ignite	RANDOM
apartment	motorcycle	RANDOM
apartment	old	RANDOM
apartment	play	RANDOM
apartment	simple	RANDOM
apartment	trust	RANDOM
apartment	wrong	RANDOM
apartment	flat	SYN
monitor	computer	PART_OF
monitor	television	PART_OF
monitor	album	RANDOM
monitor	flow	RANDOM
monitor	healthy	RANDOM
monitor	leg	RANDOM
monitor	like	RANDOM
monitor	religion	RANDOM
monitor	skeleton	RANDOM
monitor	walk	RANDOM
listen	speak	ANT
listen	talk	ANT
listen	create	RANDOM
listen	crowd	RANDOM
listen	fireplace	RANDOM
listen	grip	RANDOM
listen	ocean	RANDOM
listen	tour	RANDOM
listen	hear	SYN
animal	mineral	ANT
animal	person	ANT
animal	life	HYPER
animal	organism	HYPER
animal	nature	PART_OF
animal	generous	RANDOM
animal	hold	RANDOM
animal	service	RANDOM
animal	toe	RANDOM
animal	writer	RANDOM
chest	box	HYPER
chest	human	PART_OF
chest	person	PART_OF
chest	passageway	RANDOM
chest	real	RANDOM
chest	recycle	RANDOM
chest	wagon	RANDOM
chest	trunk	SYN
leader	human	HYPER
leader	person	HYPER
leader	cat	RANDOM
leader	get	RANDOM
leader	order	RANDOM
leader	prosecution	RANDOM
leader	satisfy	RANDOM
leader	stock	RANDOM
leader	triangle	RANDOM
labor	add	RANDOM
labor	construction	RANDOM
labor	happy	RANDOM
labor	hide	RANDOM
labor	mail	RANDOM
labor	needle	RANDOM
labor	sink	RANDOM
labor	tall	RANDOM
labor	wild	RANDOM
labor	work	SYN
add	take	ANT
add	fabric	RANDOM
add	flower	RANDOM
add	hero	RANDOM
add	hobby	RANDOM
add	love	RANDOM
add	ordinary	RANDOM
add	waterfall	RANDOM
add	join	SYN
bike	motorcycle	SYN
bike	exercise	HYPER
bike	flex	RANDOM
bike	fluid	RANDOM
bike	ignorance	RANDOM
bike	scene	RANDOM
bike	service	RANDOM
bike	sick	RANDOM
bike	soft	RANDOM
black	bright	ANT
black	light	ANT
black	white	ANT
black	color	HYPER
black	damage	RANDOM
black	day	RANDOM
black	kitchen	RANDOM
black	landscape	RANDOM
black	nut	RANDOM
black	dark	SYN
hockey	game	HYPER
hockey	hobby	HYPER
hockey	sport	HYPER
hockey	darling	RANDOM
hockey	equal	RANDOM
hockey	fix	RANDOM
hockey	grip	RANDOM
hockey	illness	RANDOM
hockey	make	RANDOM
hockey	side	RANDOM
orange	color	HYPER
orange	food	HYPER
orange	fruit	HYPER
orange	dictionary	RANDOM
orange	open	RANDOM
orange	residence	RANDOM
orange	snow	RANDOM
orange	sunset	RANDOM
orange	tail	RANDOM
circle	ring	SYN
circle	triangle	ANT
circle	attach	RANDOM
circle	bolt	RANDOM
circle	clean	RANDOM
circle	evil	RANDOM
circle	female	RANDOM
circle	ideology	RANDOM
circle	jump	RANDOM
circle	test	RANDOM
hope	fear	ANT
hope	faith	PART_OF
hope	boot	RANDOM
hope	darling	RANDOM
hope	exercise	RANDOM
hope	get	RANDOM
hope	house	RANDOM
hope	mug	RANDOM
hope	past	RANDOM
hope	raise	RANDOM
build	construct	SYN
build	destroy	ANT
build	create	HYPER
build	develop	HYPER
build	make	HYPER
build	up	RANDOM
build	assemble	SYN
build	increase	SYN
bin	trash	SYN
bin	angel	RANDOM
bin	even	RANDOM
bin	leaf	RANDOM
bin	magic	RANDOM
bin	pipe	RANDOM
bin	pit	RANDOM
bin	satisfy	RANDOM
bin	thin	RANDOM
bin	valuable	RANDOM
me	you	ANT
me	we	PART_OF
me	furniture	RANDOM
me	nature	RANDOM
me	noise	RANDOM
me	soldier	RANDOM
me	speak	RANDOM
me	trial	RANDOM
me	vision	RANDOM
australia	continent	HYPER
australia	island	HYPER
australia	place	HYPER
australia	couch	RANDOM
australia	gas	RANDOM
australia	hand	RANDOM
australia	same	RANDOM
australia	team	RANDOM
australia	walk	RANDOM
australia	wife	RANDOM
hit	miss	ANT
hit	success	HYPER
hit	chest	RANDOM
hit	education	RANDOM
hit	food	RANDOM
hit	number	RANDOM
hit	ocean	RANDOM
hit	fix	RANDOM
hit	state	RANDOM
hop	dance	HYPER
hop	move	HYPER
hop	confuse	RANDOM
hop	friend	RANDOM
hop	meat	RANDOM
hop	share	RANDOM
hop	sink	RANDOM
hop	think	RANDOM
hop	unique	RANDOM
big	little	ANT
big	small	ANT
big	common	RANDOM
big	feel	RANDOM
big	sharp	RANDOM
big	side	RANDOM
big	stone	RANDOM
big	sunshine	RANDOM
big	trunk	RANDOM
big	weather	RANDOM
account	bring	RANDOM
account	compress	RANDOM
account	entertainment	RANDOM
account	friendly	RANDOM
account	human	RANDOM
account	machine	RANDOM
account	residence	RANDOM
account	sunshine	RANDOM
account	report	SYN
account	statement	SYN
nation	country	SYN
nation	state	SYN
nation	filthy	RANDOM
nation	oil	RANDOM
nation	rise	RANDOM
nation	sidewalk	RANDOM
nation	time	RANDOM
nation	unusual	RANDOM
nation	wagon	RANDOM
nation	writer	RANDOM
break	escape	HYPER
break	construct	ANT
break	create	ANT
break	fix	ANT
break	join	ANT
break	make	ANT
break	change	HYPER
break	fail	SYN
break	split	SYN
joint	body	PART_OF
joint	finger	PART_OF
joint	skeleton	PART_OF
joint	fix	RANDOM
joint	like	RANDOM
joint	movie	RANDOM
joint	plan	RANDOM
joint	proton	RANDOM
breast	chicken	PART_OF
breast	human	PART_OF
breast	turkey	PART_OF
breast	dwell	RANDOM
breast	enrage	RANDOM
breast	leg	RANDOM
breast	mug	RANDOM
breast	smoke	RANDOM
breast	view	RANDOM
breast	chest	SYN
birth	begin	HYPER
birth	death	ANT
birth	life	PART_OF
birth	exercise	RANDOM
birth	farm	RANDOM
birth	joint	RANDOM
birth	paint	RANDOM
birth	they	RANDOM
birth	time	RANDOM
birth	weapon	RANDOM
basement	attic	ANT
basement	house	PART_OF
basement	dull	RANDOM
basement	increase	RANDOM
basement	less	RANDOM
basement	monitor	RANDOM
basement	offspring	RANDOM
basement	piece	RANDOM
basement	race	RANDOM
basement	tie	RANDOM
judge	criminal	ANT
judge	person	HYPER
judge	lock	RANDOM
judge	log	RANDOM
judge	prosecution	RANDOM
judge	recess	RANDOM
judge	scissor	RANDOM
judge	test	RANDOM
judge	wake	RANDOM
judge	weapon	RANDOM
bit	drill	PART_OF
bit	color	RANDOM
bit	democracy	RANDOM
bit	direction	RANDOM
bit	hear	RANDOM
bit	pencil	RANDOM
bit	share	RANDOM
bit	skyscraper	RANDOM
bit	unique	RANDOM
bit	part	SYN
lady	gent	ANT
lady	man	ANT
lady	woman	HYPER
lady	ideology	RANDOM
lady	push	RANDOM
lady	tool	RANDOM
lady	victory	RANDOM
lady	waterfall	RANDOM
lady	whole	RANDOM
minute	degree	PART_OF
minute	hour	PART_OF
minute	closet	RANDOM
minute	goal	RANDOM
minute	happy	RANDOM
minute	lie	RANDOM
minute	piece	RANDOM
minute	saucepan	RANDOM
minute	sock	RANDOM
minute	tie	RANDOM
meat	vegetable	ANT
meat	food	HYPER
meat	gentleman	RANDOM
meat	hobby	RANDOM
meat	scissor	RANDOM
meat	slip	RANDOM
meat	solid	RANDOM
meat	stage	RANDOM
meat	succeed	RANDOM
meat	victory	RANDOM
balance	scale	SYN
balance	cold	RANDOM
balance	fact	RANDOM
balance	fear	RANDOM
balance	hall	RANDOM
balance	molecule	RANDOM
balance	pot	RANDOM
balance	sell	RANDOM
balance	shoe	RANDOM
balance	account	SYN
bat	animal	HYPER
bat	club	HYPER
bat	idol	RANDOM
bat	integrity	RANDOM
bat	material	RANDOM
bat	present	RANDOM
bat	temperature	RANDOM
bat	wake	RANDOM
bat	window	RANDOM
bat	work	RANDOM
bar	business	HYPER
bar	place	HYPER
bar	goal	PART_OF
bar	health	RANDOM
bar	minute	RANDOM
bar	oil	RANDOM
bar	plot	RANDOM
bar	present	RANDOM
bar	surface	RANDOM
bar	you	RANDOM
like	hate	ANT
like	fan	RANDOM
like	house	RANDOM
like	line	RANDOM
like	outside	RANDOM
like	pagan	RANDOM
like	skeleton	RANDOM
like	trap	RANDOM
like	west	RANDOM
like	enjoy	SYN
organ	body	PART_OF
organ	human	PART_OF
organ	apple	RANDOM
organ	blade	RANDOM
organ	cloud	RANDOM
organ	sight	RANDOM
organ	step	RANDOM
organ	train	RANDOM
organ	window	RANDOM
organ	detail	RANDOM
level	bumpy	ANT
level	tool	HYPER
level	fruit	RANDOM
level	plate	RANDOM
level	reward	RANDOM
level	stale	RANDOM
level	statue	RANDOM
level	weak	RANDOM
level	woman	RANDOM
level	wrong	RANDOM
button	coat	PART_OF
button	mouse	PART_OF
button	tv	PART_OF
button	shallow	RANDOM
button	size	RANDOM
button	stripe	RANDOM
button	sweet	RANDOM
button	unhappiness	RANDOM
button	union	RANDOM
artist	human	HYPER
artist	person	HYPER
artist	displease	RANDOM
artist	head	RANDOM
artist	sharp	RANDOM
artist	study	RANDOM
artist	suffer	RANDOM
artist	unusual	RANDOM
artist	war	RANDOM
candy	sweet	HYPER
candy	food	HYPER
candy	cord	RANDOM
candy	cup	RANDOM
candy	dark	RANDOM
candy	equal	RANDOM
candy	expand	RANDOM
candy	toe	RANDOM
candy	word	RANDOM
morning	night	ANT
morning	day	PART_OF
morning	fragile	RANDOM
morning	gentleman	RANDOM
morning	joy	RANDOM
morning	mean	RANDOM
morning	oil	RANDOM
morning	side	RANDOM
morning	study	RANDOM
morning	tan	RANDOM
large	little	ANT
large	small	ANT
large	bread	RANDOM
large	bus	RANDOM
large	excite	RANDOM
large	flow	RANDOM
large	free	RANDOM
large	protect	RANDOM
large	trust	RANDOM
benefit	punishment	ANT
benefit	good	HYPER
benefit	friendly	RANDOM
benefit	happen	RANDOM
benefit	hat	RANDOM
benefit	molecule	RANDOM
benefit	surface	RANDOM
benefit	temple	RANDOM
benefit	wed	RANDOM
benefit	aid	SYN
nose	face	PART_OF
nose	head	PART_OF
nose	human	PART_OF
nose	basket	RANDOM
nose	bus	RANDOM
nose	dislike	RANDOM
nose	kill	RANDOM
nose	metal	RANDOM
nose	problem	RANDOM
nose	stock	RANDOM
lose	profit	ANT
lose	success	ANT
lose	win	ANT
lose	common	RANDOM
lose	document	RANDOM
lose	experiment	RANDOM
lose	farm	RANDOM
lose	fashion	RANDOM
lose	ocean	RANDOM
lose	union	RANDOM
mammal	animal	HYPER
mammal	dull	RANDOM
mammal	get	RANDOM
mammal	injure	RANDOM
mammal	letter	RANDOM
mammal	lid	RANDOM
mammal	lift	RANDOM
mammal	misunderstand	RANDOM
mammal	pull	RANDOM
mammal	space	RANDOM
catch	get	HYPER
catch	car	RANDOM
catch	enjoy	RANDOM
catch	flat	RANDOM
catch	full	RANDOM
catch	make	RANDOM
catch	satisfy	RANDOM
catch	space	RANDOM
catch	steal	RANDOM
catch	tower	RANDOM
bone	flesh	ANT
bone	muscle	ANT
bone	human	PART_OF
bone	skeleton	PART_OF
bone	hear	RANDOM
bone	number	RANDOM
bone	pierce	RANDOM
bone	service	RANDOM
bone	shadow	RANDOM
bone	useful	RANDOM
mean	friendly	ANT
mean	generous	ANT
mean	nice	ANT
mean	game	RANDOM
mean	mistake	RANDOM
mean	mood	RANDOM
mean	poem	RANDOM
mean	post	RANDOM
mean	show	RANDOM
mean	south	RANDOM
mate	event	RANDOM
mate	hat	RANDOM
mate	instrument	RANDOM
mate	log	RANDOM
mate	pencil	RANDOM
mate	ride	RANDOM
mate	see	RANDOM
mate	water	RANDOM
mate	couple	SYN
chew	eat	PART_OF
chew	bite	SYN
chew	grape	RANDOM
chew	letter	RANDOM
chew	past	RANDOM
chew	poison	RANDOM
chew	spread	RANDOM
chew	state	RANDOM
chew	wash	RANDOM
chew	weapon	RANDOM
brave	weak	ANT
brave	cannabis	RANDOM
brave	cave	RANDOM
brave	highway	RANDOM
brave	offspring	RANDOM
brave	plastic	RANDOM
brave	reason	RANDOM
brave	relax	RANDOM
brave	spot	RANDOM
brave	waterfall	RANDOM
art	creation	SYN
art	science	ANT
art	hobby	HYPER
art	pride	RANDOM
art	professor	RANDOM
art	snow	RANDOM
art	stripe	RANDOM
art	trip	RANDOM
art	walk	RANDOM
art	writer	RANDOM
honesty	lie	ANT
honesty	integrity	PART_OF
honesty	cash	RANDOM
honesty	earth	RANDOM
honesty	end	RANDOM
honesty	excitement	RANDOM
honesty	ignite	RANDOM
honesty	illuminate	RANDOM
honesty	mail	RANDOM
house	place	HYPER
house	money	RANDOM
house	moon	RANDOM
house	plot	RANDOM
house	radio	RANDOM
house	rubber	RANDOM
house	stop	RANDOM
house	unknown	RANDOM
house	volume	RANDOM
keyboard	device	HYPER
keyboard	computer	PART_OF
keyboard	excite	RANDOM
keyboard	house	RANDOM
keyboard	intelligent	RANDOM
keyboard	jar	RANDOM
keyboard	medicine	RANDOM
keyboard	pipe	RANDOM
keyboard	think	RANDOM
keyboard	unhappy	RANDOM
ascend	descend	ANT
ascend	faith	RANDOM
ascend	grow	RANDOM
ascend	personal	RANDOM
ascend	shadow	RANDOM
ascend	understand	RANDOM
ascend	waste	RANDOM
ascend	west	RANDOM
ascend	climb	SYN
ascend	rise	SYN
back	chair	PART_OF
back	human	PART_OF
back	reverse	SYN
back	marry	RANDOM
back	problem	RANDOM
back	ship	RANDOM
back	tall	RANDOM
back	tan	RANDOM
back	word	RANDOM
back	rear	SYN
library	collection	HYPER
library	place	HYPER
library	lazy	RANDOM
library	line	RANDOM
library	manufacture	RANDOM
library	performance	RANDOM
library	planet	RANDOM
library	rooster	RANDOM
library	vegetable	RANDOM
horn	bull	PART_OF
horn	car	PART_OF
horn	ram	PART_OF
horn	punishment	RANDOM
horn	seal	RANDOM
horn	television	RANDOM
horn	toe	RANDOM
horn	ugly	RANDOM
jump	element	RANDOM
jump	forest	RANDOM
jump	leave	RANDOM
jump	mortal	RANDOM
jump	nature	RANDOM
jump	noise	RANDOM
jump	space	RANDOM
jump	stitch	RANDOM
jump	bounce	SYN
jump	toe	RANDOM
ball	globe	SYN
ball	event	HYPER
ball	toy	HYPER
ball	less	RANDOM
ball	marry	RANDOM
ball	needle	RANDOM
ball	shout	RANDOM
ball	stool	RANDOM
ball	student	RANDOM
ball	time	RANDOM
pass	take	ANT
pass	cigarette	RANDOM
pass	civilization	RANDOM
pass	complex	RANDOM
pass	confuse	RANDOM
pass	curve	RANDOM
pass	health	RANDOM
pass	spit	RANDOM
pass	unknown	RANDOM
pass	weed	RANDOM
home	street	ANT
home	work	ANT
home	house	HYPER
home	perform	RANDOM
home	reproduction	RANDOM
home	stress	RANDOM
home	succeed	RANDOM
home	test	RANDOM
home	residence	SYN
bark	bite	ANT
bark	noise	HYPER
bark	branch	PART_OF
bark	tree	PART_OF
bark	trunk	PART_OF
bark	marry	RANDOM
bark	park	RANDOM
bark	reduce	RANDOM
bark	spit	RANDOM
bark	sugar	RANDOM
blade	scissor	PART_OF
blade	ax	PART_OF
blade	fan	PART_OF
blade	knife	PART_OF
blade	sword	PART_OF
blade	design	RANDOM
blade	magic	RANDOM
blade	moon	RANDOM
blade	smile	RANDOM
blade	watch	RANDOM
pale	tan	ANT
pale	chain	RANDOM
pale	close	RANDOM
pale	extinguish	RANDOM
pale	fail	RANDOM
pale	mammal	RANDOM
pale	outside	RANDOM
pale	pillow	RANDOM
pale	shallow	RANDOM
pale	silent	RANDOM
arm	leg	ANT
arm	body	PART_OF
arm	human	PART_OF
arm	person	PART_OF
arm	character	RANDOM
arm	less	RANDOM
arm	novel	RANDOM
arm	sentence	RANDOM
arm	volume	RANDOM
penis	male	PART_OF
penis	horn	RANDOM
penis	hour	RANDOM
penis	industry	RANDOM
penis	integrity	RANDOM
penis	nasty	RANDOM
penis	pagan	RANDOM
penis	pot	RANDOM
penis	soul	RANDOM
penis	vacuum	RANDOM
blue	white	ANT
blue	color	HYPER
blue	flock	RANDOM
blue	ignorance	RANDOM
blue	manufacture	RANDOM
blue	present	RANDOM
blue	something	RANDOM
blue	statue	RANDOM
blue	train	RANDOM
index	finger	HYPER
index	book	PART_OF
index	text	PART_OF
index	communicate	RANDOM
index	dull	RANDOM
index	grass	RANDOM
index	play	RANDOM
index	separation	RANDOM
index	spirit	RANDOM
index	squash	RANDOM
leaf	root	ANT
leaf	plant	PART_OF
leaf	tree	PART_OF
leaf	brush	RANDOM
leaf	divide	RANDOM
leaf	keep	RANDOM
leaf	mean	RANDOM
leaf	recess	RANDOM
leaf	shout	RANDOM
leaf	solution	RANDOM
appear	show	SYN
appear	experiment	RANDOM
appear	film	RANDOM
appear	low	RANDOM
appear	mate	RANDOM
appear	noble	RANDOM
appear	snow	RANDOM
appear	unpleasant	RANDOM
appear	come	SYN
appear	look	SYN
closet	cabinet	SYN
closet	place	HYPER
closet	room	HYPER
closet	experiment	RANDOM
closet	novel	RANDOM
closet	rubbish	RANDOM
closet	short	RANDOM
closet	teach	RANDOM
clock	machine	HYPER
clock	jar	RANDOM
clock	liberty	RANDOM
clock	lot	RANDOM
clock	middle	RANDOM
clock	restrict	RANDOM
clock	spit	RANDOM
clock	vegetable	RANDOM
clock	young	RANDOM
leak	damage	HYPER
leak	gun	RANDOM
leak	lift	RANDOM
leak	pan	RANDOM
leak	practice	RANDOM
leak	reverse	RANDOM
leak	scissor	RANDOM
leak	square	RANDOM
leak	travel	RANDOM
bind	everything	RANDOM
bind	idle	RANDOM
bind	rock	RANDOM
bind	soil	RANDOM
bind	text	RANDOM
bind	tv	RANDOM
bind	fasten	SYN
bind	restrict	SYN
bind	tie	SYN
boy	female	ANT
boy	girl	ANT
boy	child	HYPER
boy	man	HYPER
boy	lead	RANDOM
boy	ocean	RANDOM
boy	right	RANDOM
boy	shallow	RANDOM
boy	travel	RANDOM
bad	good	ANT
bad	right	ANT
bad	library	RANDOM
bad	mobile	RANDOM
bad	pack	RANDOM
bad	pick	RANDOM
bad	recycle	RANDOM
bad	spirit	RANDOM
bad	subject	RANDOM
bad	vessel	RANDOM
ice	cool	HYPER
ice	crystal	HYPER
ice	solid	HYPER
ice	water	HYPER
ice	log	RANDOM
ice	prosecution	RANDOM
ice	relax	RANDOM
ice	stop	RANDOM
ice	stripe	RANDOM
ice	unhappy	RANDOM
increase	cut	ANT
increase	lower	ANT
increase	reduce	ANT
increase	study	RANDOM
increase	toe	RANDOM
increase	grow	SYN
increase	raise	SYN
increase	rise	SYN
cannabis	grass	SYN
cannabis	weed	SYN
cannabis	plant	HYPER
cannabis	disk	RANDOM
cannabis	jar	RANDOM
cannabis	misery	RANDOM
cannabis	sex	RANDOM
cannabis	tour	RANDOM
cannabis	win	RANDOM
pen	object	HYPER
pen	tool	HYPER
pen	ax	RANDOM
pen	death	RANDOM
pen	displease	RANDOM
pen	dull	RANDOM
pen	harvest	RANDOM
pen	rain	RANDOM
pen	ram	RANDOM
pen	square	RANDOM
civilization	belief	RANDOM
civilization	bull	RANDOM
civilization	darling	RANDOM
civilization	document	RANDOM
civilization	family	RANDOM
civilization	light	RANDOM
civilization	log	RANDOM
civilization	sharp	RANDOM
civilization	write	RANDOM
civilization	culture	SYN
ink	pen	PART_OF
ink	bounce	RANDOM
ink	fabric	RANDOM
ink	forest	RANDOM
ink	low	RANDOM
ink	right	RANDOM
ink	shore	RANDOM
ink	trip	RANDOM
ink	wolf	RANDOM
ink	corn	RANDOM
hill	flat	ANT
hill	pit	ANT
hill	plain	ANT
hill	place	HYPER
hill	event	RANDOM
hill	ignorance	RANDOM
hill	master	RANDOM
hill	ride	RANDOM
hill	wash	RANDOM
hill	window	RANDOM
medicine	poison	ANT
medicine	drug	HYPER
medicine	bright	RANDOM
medicine	chain	RANDOM
medicine	conflict	RANDOM
medicine	dance	RANDOM
medicine	finish	RANDOM
medicine	floor	RANDOM
medicine	gun	RANDOM
medicine	soft	RANDOM
new	young	SYN
new	old	ANT
new	lift	RANDOM
new	paper	RANDOM
new	right	RANDOM
new	roof	RANDOM
new	star	RANDOM
new	trash	RANDOM
new	woman	RANDOM
new	novel	SYN
approach	come	HYPER
approach	airplane	RANDOM
approach	bind	RANDOM
approach	down	RANDOM
approach	eyeglass	RANDOM
approach	interest	RANDOM
approach	open	RANDOM
approach	punishment	RANDOM
approach	reward	RANDOM
approach	room	RANDOM
bird	flock	PART_OF
bird	animal	HYPER
bird	bite	RANDOM
bird	gang	RANDOM
bird	pure	RANDOM
bird	steal	RANDOM
bird	stress	RANDOM
bird	subject	RANDOM
bird	successful	RANDOM
bird	sun	RANDOM
independence	corn	RANDOM
independence	count	RANDOM
independence	head	RANDOM
independence	movement	RANDOM
independence	muscle	RANDOM
independence	sad	RANDOM
independence	spot	RANDOM
independence	team	RANDOM
independence	freedom	SYN
independence	liberty	SYN
movement	action	HYPER
movement	clock	PART_OF
movement	adult	RANDOM
movement	cord	RANDOM
movement	criminal	RANDOM
movement	offspring	RANDOM
movement	pleasure	RANDOM
movement	unpleasant	RANDOM
movement	mouse	RANDOM
movement	cigarette	RANDOM
body	human	PART_OF
body	soul	ANT
body	spirit	ANT
body	history	RANDOM
body	link	RANDOM
body	order	RANDOM
body	right	RANDOM
body	subject	RANDOM
body	top	RANDOM
perfect	error	ANT
perfect	assemble	RANDOM
perfect	cigarette	RANDOM
perfect	government	RANDOM
perfect	ignite	RANDOM
perfect	individual	RANDOM
perfect	mouse	RANDOM
perfect	sit	RANDOM
perfect	soul	RANDOM
perfect	bring	RANDOM
lazy	energetic	ANT
lazy	add	RANDOM
lazy	bring	RANDOM
lazy	committee	RANDOM
lazy	day	RANDOM
lazy	evil	RANDOM
lazy	horn	RANDOM
lazy	rank	RANDOM
lazy	sound	RANDOM
lazy	story	RANDOM
noise	quiet	ANT
noise	silent	ANT
noise	sound	HYPER
noise	connect	RANDOM
noise	destroy	RANDOM
noise	direction	RANDOM
noise	leave	RANDOM
noise	leg	RANDOM
noise	rear	RANDOM
noise	television	RANDOM
christian	pagan	ANT
christian	human	HYPER
christian	monitor	RANDOM
christian	problem	RANDOM
christian	short	RANDOM
christian	sing	RANDOM
christian	steal	RANDOM
christian	unhappy	RANDOM
christian	vehicle	RANDOM
christian	we	RANDOM
belief	faith	PART_OF
belief	fact	ANT
belief	have	RANDOM
belief	hour	RANDOM
belief	human	RANDOM
belief	interest	RANDOM
belief	language	RANDOM
belief	magic	RANDOM
belief	molecule	RANDOM
belief	strange	RANDOM
parent	family	PART_OF
parent	cattle	RANDOM
parent	clean	RANDOM
parent	equal	RANDOM
parent	fill	RANDOM
parent	idol	RANDOM
parent	kindness	RANDOM
parent	penis	RANDOM
parent	perfect	RANDOM
parent	understand	RANDOM
leg	toe	ANT
leg	body	PART_OF
leg	dog	PART_OF
leg	human	PART_OF
leg	table	PART_OF
leg	trouser	PART_OF
leg	math	RANDOM
leg	misunderstand	RANDOM
leg	movie	RANDOM
leg	pride	RANDOM
joy	sad	ANT
joy	bad	ANT
joy	misery	ANT
joy	pain	ANT
joy	sadness	ANT
joy	unhappiness	ANT
joy	emotion	HYPER
joy	race	RANDOM
joy	season	RANDOM
joy	west	RANDOM
ignorance	education	ANT
ignorance	dish	RANDOM
ignorance	division	RANDOM
ignorance	fabric	RANDOM
ignorance	fact	RANDOM
ignorance	frame	RANDOM
ignorance	have	RANDOM
ignorance	industry	RANDOM
ignorance	knife	RANDOM
agreement	statement	HYPER
agreement	cool	RANDOM
agreement	fun	RANDOM
agreement	hide	RANDOM
agreement	offspring	RANDOM
agreement	rooster	RANDOM
agreement	statue	RANDOM
agreement	contract	SYN
agreement	deal	SYN
busy	idle	ANT
busy	relax	ANT
busy	aluminum	RANDOM
busy	apartment	RANDOM
busy	insect	RANDOM
busy	interest	RANDOM
busy	member	RANDOM
busy	player	RANDOM
busy	scissor	RANDOM
busy	simple	RANDOM
baseball	game	HYPER
baseball	hobby	HYPER
baseball	sport	HYPER
baseball	head	RANDOM
baseball	molecule	RANDOM
baseball	move	RANDOM
baseball	square	RANDOM
baseball	trial	RANDOM
baseball	trip	RANDOM
bolt	nut	ANT
bolt	lock	HYPER
bolt	door	PART_OF
bolt	head	RANDOM
bolt	mold	RANDOM
bolt	part	RANDOM
bolt	planet	RANDOM
bolt	slow	RANDOM
bolt	you	RANDOM
key	device	HYPER
key	keyboard	PART_OF
key	contaminate	RANDOM
key	fashion	RANDOM
key	hour	RANDOM
key	huge	RANDOM
key	sock	RANDOM
key	sugar	RANDOM
key	trunk	RANDOM
key	unsettle	RANDOM
humility	emotion	HYPER
humility	blanket	RANDOM
humility	busy	RANDOM
humility	event	RANDOM
humility	gas	RANDOM
humility	join	RANDOM
humility	keyboard	RANDOM
humility	picture	RANDOM
humility	soft	RANDOM
assemble	break	ANT
assemble	destroy	ANT
assemble	make	HYPER
assemble	clay	RANDOM
assemble	door	RANDOM
assemble	hoof	RANDOM
assemble	middle	RANDOM
assemble	pale	RANDOM
assemble	strong	RANDOM
news	information	HYPER
news	newspaper	PART_OF
news	dream	RANDOM
news	lobby	RANDOM
news	pot	RANDOM
news	prison	RANDOM
news	skin	RANDOM
news	sweet	RANDOM
news	view	RANDOM
boss	leader	SYN
boss	human	HYPER
boss	person	HYPER
boss	hold	RANDOM
boss	ideology	RANDOM
boss	improve	RANDOM
boss	ingredient	RANDOM
boss	past	RANDOM
boss	spread	RANDOM
boss	head	SYN
change	action	HYPER
change	cash	HYPER
change	money	HYPER
change	hand	RANDOM
change	man	RANDOM
change	motorcycle	RANDOM
change	skyscraper	RANDOM
change	superior	RANDOM
change	taste	RANDOM
change	train	RANDOM
care	hate	ANT
care	hurt	ANT
care	appear	RANDOM
care	business	RANDOM
care	highway	RANDOM
care	metal	RANDOM
care	picture	RANDOM
care	profit	RANDOM
care	report	RANDOM
care	word	RANDOM
box	sport	HYPER
box	bus	RANDOM
box	busy	RANDOM
box	grain	RANDOM
box	job	RANDOM
box	recycle	RANDOM
box	run	RANDOM
box	slow	RANDOM
box	sun	RANDOM
box	metal	RANDOM
aisle	passageway	HYPER
aisle	store	PART_OF
aisle	engage	RANDOM
aisle	expand	RANDOM
aisle	good	RANDOM
aisle	hate	RANDOM
aisle	leave	RANDOM
aisle	metal	RANDOM
aisle	standard	RANDOM
aisle	weed	RANDOM
accident	plan	ANT
accident	error	HYPER
accident	mistake	HYPER
accident	end	RANDOM
accident	fish	RANDOM
accident	hero	RANDOM
accident	radio	RANDOM
accident	restrict	RANDOM
accident	teacher	RANDOM
language	communication	HYPER
language	beach	RANDOM
language	challenge	RANDOM
language	date	RANDOM
language	fix	RANDOM
language	ingredient	RANDOM
language	pan	RANDOM
language	seal	RANDOM
language	subject	RANDOM
language	woman	RANDOM
bow	ship	PART_OF
bow	vessel	PART_OF
bow	care	RANDOM
bow	common	RANDOM
bow	doorway	RANDOM
bow	gown	RANDOM
bow	island	RANDOM
bow	plot	RANDOM
bow	television	RANDOM
bow	unpleasant	RANDOM
chop	cut	HYPER
chop	awake	RANDOM
chop	child	RANDOM
chop	cord	RANDOM
chop	engage	RANDOM
chop	humble	RANDOM
chop	liquid	RANDOM
chop	mark	RANDOM
chop	mild	RANDOM
chop	muscle	RANDOM
chicken	rooster	SYN
chicken	food	HYPER
chicken	crowd	RANDOM
chicken	hate	RANDOM
chicken	ignorance	RANDOM
chicken	interest	RANDOM
chicken	matter	RANDOM
chicken	shop	RANDOM
chicken	skyscraper	RANDOM
chicken	tan	RANDOM
base	top	ANT
base	box	PART_OF
base	harvest	RANDOM
base	head	RANDOM
base	highway	RANDOM
base	passageway	RANDOM
base	pipe	RANDOM
base	sun	RANDOM
base	writer	RANDOM
base	bad	SYN
husband	wife	ANT
husband	family	HYPER
husband	spouse	HYPER
husband	cannabis	RANDOM
husband	costume	RANDOM
husband	night	RANDOM
husband	page	RANDOM
husband	rare	RANDOM
husband	value	RANDOM
act	performance	HYPER
act	perform	HYPER
act	pretend	HYPER
act	play	PART_OF
act	reproduction	RANDOM
act	sidewalk	RANDOM
act	snow	RANDOM
act	vehicle	RANDOM
action	event	HYPER
action	hem	RANDOM
action	level	RANDOM
action	lid	RANDOM
action	satisfaction	RANDOM
action	shape	RANDOM
action	suck	RANDOM
action	battle	SYN
action	exercise	SYN
action	prosecution	SYN
china	country	HYPER
china	asia	PART_OF
china	conclusion	RANDOM
china	cord	RANDOM
china	dress	RANDOM
china	girlfriend	RANDOM
china	group	RANDOM
china	pet	RANDOM
china	poison	RANDOM
china	ram	RANDOM
climb	scale	SYN
climb	descend	ANT
climb	fall	ANT
climb	move	HYPER
climb	rise	HYPER
climb	ring	RANDOM
climb	solution	RANDOM
climb	student	RANDOM
climb	successful	RANDOM
history	future	ANT
history	present	ANT
history	language	RANDOM
history	pale	RANDOM
history	praise	RANDOM
history	thin	RANDOM
history	university	RANDOM
history	log	SYN
history	past	SYN
history	story	SYN
loud	soft	ANT
loud	quiet	ANT
loud	coat	RANDOM
loud	democracy	RANDOM
loud	hide	RANDOM
loud	sadness	RANDOM
loud	sky	RANDOM
loud	sun	RANDOM
loud	weather	RANDOM
blood	liquid	HYPER
blood	body	PART_OF
blood	equal	RANDOM
blood	escape	RANDOM
blood	gang	RANDOM
blood	idea	RANDOM
blood	level	RANDOM
blood	something	RANDOM
blood	strike	RANDOM
blood	succeed	RANDOM
note	music	PART_OF
note	cave	RANDOM
note	charge	RANDOM
note	mankind	RANDOM
note	pillow	RANDOM
note	rain	RANDOM
note	tooth	RANDOM
note	trip	RANDOM
note	hall	RANDOM
love	care	HYPER
love	emotion	HYPER
love	idol	RANDOM
love	individual	RANDOM
love	jump	RANDOM
love	money	RANDOM
love	screw	RANDOM
love	vessel	RANDOM
love	honey	SYN
apple	orange	ANT
apple	tree	HYPER
apple	computer	HYPER
apple	hat	RANDOM
apple	individual	RANDOM
apple	leader	RANDOM
apple	mammal	RANDOM
apple	post	RANDOM
apple	vegetable	RANDOM
apple	wife	RANDOM
cancer	disease	HYPER
cancer	illness	HYPER
cancer	exchange	RANDOM
cancer	lightweight	RANDOM
cancer	link	RANDOM
cancer	mouse	RANDOM
cancer	race	RANDOM
cancer	sport	RANDOM
image	picture	HYPER
image	conclusion	RANDOM
image	good	RANDOM
image	know	RANDOM
image	machine	RANDOM
image	phrase	RANDOM
image	smoke	RANDOM
image	sword	RANDOM
image	unhappy	RANDOM
jog	walk	ANT
jog	run	HYPER
jog	break	RANDOM
jog	consume	RANDOM
jog	curve	RANDOM
jog	gang	RANDOM
jog	gay	RANDOM
jog	planet	RANDOM
jog	sheep	RANDOM
jog	lie	RANDOM
oxygen	gas	HYPER
oxygen	molecule	HYPER
oxygen	air	PART_OF
oxygen	atmosphere	PART_OF
oxygen	house	RANDOM
oxygen	lie	RANDOM
oxygen	race	RANDOM
oxygen	service	RANDOM
oxygen	sing	RANDOM
oxygen	step	RANDOM
america	continent	HYPER
america	country	HYPER
america	place	HYPER
america	world	PART_OF
america	port	RANDOM
america	recess	RANDOM
america	silent	RANDOM
america	stale	RANDOM
america	stream	RANDOM
america	suck	RANDOM
hollow	solid	ANT
hollow	empty	HYPER
hollow	pale	RANDOM
hollow	prison	RANDOM
hollow	rear	RANDOM
hollow	ride	RANDOM
hollow	skeleton	RANDOM
hollow	something	RANDOM
hollow	yard	RANDOM
hollow	cavity	SYN
active	quiet	ANT
active	slow	ANT
active	join	RANDOM
active	phrase	RANDOM
active	pitch	RANDOM
active	skeleton	RANDOM
active	story	RANDOM
active	unkind	RANDOM
active	busy	SYN
lung	organ	HYPER
lung	body	PART_OF
lung	courage	RANDOM
lung	day	RANDOM
lung	drug	RANDOM
lung	instruction	RANDOM
lung	mood	RANDOM
lung	paint	RANDOM
lung	rise	RANDOM
lung	waterfall	RANDOM
carry	error	RANDOM
carry	game	RANDOM
carry	ignite	RANDOM
carry	know	RANDOM
carry	pin	RANDOM
carry	powerful	RANDOM
carry	reduce	RANDOM
carry	view	RANDOM
carry	wind	RANDOM
carry	move	SYN
old	past	SYN
old	young	ANT
old	evil	RANDOM
old	fancy	RANDOM
old	food	RANDOM
old	good	RANDOM
old	hoof	RANDOM
old	sickness	RANDOM
old	sound	RANDOM
old	clean	RANDOM
beak	nose	HYPER
beak	bird	PART_OF
beak	city	RANDOM
beak	hostility	RANDOM
beak	mark	RANDOM
beak	please	RANDOM
beak	scale	RANDOM
beak	spirit	RANDOM
beak	superior	RANDOM
beak	unhappiness	RANDOM
miss	correct	ANT
miss	gentleman	ANT
miss	see	ANT
miss	strike	ANT
miss	catch	ANT
miss	fail	HYPER
miss	ride	RANDOM
miss	shoe	RANDOM
miss	table	RANDOM
miss	walk	RANDOM
market	business	HYPER
market	place	HYPER
market	shop	HYPER
market	fish	RANDOM
market	lace	RANDOM
market	needle	RANDOM
market	professor	RANDOM
market	scale	RANDOM
market	stitch	RANDOM
belt	machine	PART_OF
belt	hobby	RANDOM
belt	know	RANDOM
belt	lazy	RANDOM
belt	medicine	RANDOM
belt	pot	RANDOM
belt	roof	RANDOM
belt	sweet	RANDOM
belt	victory	RANDOM
belt	fasten	SYN
mercury	element	HYPER
mercury	metal	HYPER
mercury	forest	RANDOM
mercury	friendly	RANDOM
mercury	have	RANDOM
mercury	honey	RANDOM
mercury	manufacture	RANDOM
mercury	respect	RANDOM
mercury	spouse	RANDOM
mercury	student	RANDOM
city	state	PART_OF
city	place	HYPER
city	country	PART_OF
city	girlfriend	RANDOM
city	keyboard	RANDOM
city	material	RANDOM
city	ride	RANDOM
city	unknown	RANDOM
city	town	SYN
little	tall	ANT
little	lot	ANT
little	commerce	RANDOM
little	demand	RANDOM
little	desert	RANDOM
little	group	RANDOM
little	manufacture	RANDOM
little	nature	RANDOM
little	want	RANDOM
little	small	SYN
basketball	game	HYPER
basketball	sport	HYPER
basketball	coin	RANDOM
basketball	corn	RANDOM
basketball	element	RANDOM
basketball	far	RANDOM
basketball	justice	RANDOM
basketball	personal	RANDOM
basketball	pet	RANDOM
basketball	vacuum	RANDOM
beef	cattle	PART_OF
beef	food	HYPER
beef	demand	RANDOM
beef	divide	RANDOM
beef	enlightenment	RANDOM
beef	mystery	RANDOM
beef	society	RANDOM
beef	sunshine	RANDOM
beef	team	RANDOM
beef	wagon	RANDOM
injure	help	ANT
injure	arrive	RANDOM
injure	land	RANDOM
injure	metal	RANDOM
injure	object	RANDOM
injure	remove	RANDOM
injure	tank	RANDOM
injure	tree	RANDOM
injure	damage	SYN
injure	guitar	RANDOM
bathroom	place	HYPER
bathroom	house	PART_OF
bathroom	cool	RANDOM
bathroom	descend	RANDOM
bathroom	dirty	RANDOM
bathroom	dish	RANDOM
bathroom	increase	RANDOM
bathroom	music	RANDOM
bathroom	unknown	RANDOM
mark	clean	ANT
mark	boredom	RANDOM
mark	care	RANDOM
mark	country	RANDOM
mark	create	RANDOM
mark	hall	RANDOM
mark	improve	RANDOM
mark	recreation	RANDOM
mark	wild	RANDOM
mark	score	SYN
paint	picture	HYPER
paint	hobby	HYPER
paint	family	RANDOM
paint	freedom	RANDOM
paint	happen	RANDOM
paint	mouse	RANDOM
paint	part	RANDOM
paint	temple	RANDOM
burn	cold	ANT
burn	cool	ANT
burn	edge	RANDOM
burn	eyeglass	RANDOM
burn	jail	RANDOM
burn	marry	RANDOM
burn	politician	RANDOM
burn	snow	RANDOM
burn	useless	RANDOM
burn	wind	RANDOM
call	answer	ANT
call	text	ANT
call	melt	RANDOM
call	rule	RANDOM
call	silverware	RANDOM
call	slip	RANDOM
call	space	RANDOM
call	strip	RANDOM
call	support	RANDOM
call	weather	RANDOM
calm	excite	ANT
calm	stress	ANT
calm	wild	ANT
calm	everyone	RANDOM
calm	fish	RANDOM
calm	fluid	RANDOM
calm	ingredient	RANDOM
calm	mammal	RANDOM
calm	pain	RANDOM
calm	useless	RANDOM
ireland	country	HYPER
ireland	place	HYPER
ireland	corn	RANDOM
ireland	drama	RANDOM
ireland	floor	RANDOM
ireland	moon	RANDOM
ireland	professor	RANDOM
ireland	side	RANDOM
ireland	strike	RANDOM
ireland	write	RANDOM
music	silent	ANT
music	hobby	HYPER
music	sound	HYPER
music	entertainment	PART_OF
music	recreation	PART_OF
music	song	PART_OF
music	old	RANDOM
music	patient	RANDOM
music	ring	RANDOM
music	vehicle	RANDOM
kid	offspring	HYPER
kid	adult	ANT
kid	person	HYPER
kid	fill	RANDOM
kid	flow	RANDOM
kid	horn	RANDOM
kid	party	RANDOM
kid	sound	RANDOM
kid	top	RANDOM
kid	word	RANDOM
knowledge	enlightenment	SYN
knowledge	illness	RANDOM
knowledge	ingredient	RANDOM
knowledge	money	RANDOM
knowledge	nice	RANDOM
knowledge	raise	RANDOM
knowledge	information	SYN
boil	freeze	ANT
boil	ice	ANT
boil	cook	HYPER
boil	destroy	RANDOM
boil	gang	RANDOM
boil	individual	RANDOM
boil	lead	RANDOM
boil	minute	RANDOM
boil	separation	RANDOM
boil	turn	RANDOM
board	surface	HYPER
board	conclusion	RANDOM
board	divorce	RANDOM
board	emotion	RANDOM
board	fan	RANDOM
board	pull	RANDOM
board	recreation	RANDOM
board	set	RANDOM
board	toss	RANDOM
board	committee	SYN
manufacture	produce	SYN
manufacture	destroy	ANT
manufacture	question	RANDOM
manufacture	quiet	RANDOM
manufacture	simple	RANDOM
manufacture	sour	RANDOM
manufacture	unsettle	RANDOM
manufacture	wolf	RANDOM
manufacture	build	SYN
manufacture	construct	SYN
chapter	book	PART_OF
chapter	story	PART_OF
chapter	destroy	RANDOM
chapter	finish	RANDOM
chapter	gown	RANDOM
chapter	land	RANDOM
chapter	monitor	RANDOM
chapter	rule	RANDOM
chapter	skyscraper	RANDOM
chapter	stop	RANDOM
ceiling	floor	ANT
ceiling	room	PART_OF
ceiling	conflict	RANDOM
ceiling	distress	RANDOM
ceiling	instrument	RANDOM
ceiling	manufacture	RANDOM
ceiling	mature	RANDOM
ceiling	rest	RANDOM
ceiling	satisfy	RANDOM
ceiling	shade	RANDOM
buy	save	ANT
buy	sell	ANT
buy	steal	ANT
buy	get	HYPER
buy	hold	RANDOM
buy	magic	RANDOM
buy	room	RANDOM
buy	spread	RANDOM
buy	tall	RANDOM
buy	zero	RANDOM
advance	move	HYPER
advance	candy	RANDOM
advance	contaminate	RANDOM
advance	fine	RANDOM
advance	honey	RANDOM
advance	lover	RANDOM
advance	poem	RANDOM
advance	sock	RANDOM
advance	improve	SYN
mankind	animal	ANT
mankind	nature	PART_OF
mankind	democracy	RANDOM
mankind	enlightenment	RANDOM
mankind	life	RANDOM
mankind	mind	RANDOM
mankind	pen	RANDOM
mankind	powerful	RANDOM
mankind	result	RANDOM
mankind	weird	RANDOM
park	garden	SYN
park	place	HYPER
park	lot	RANDOM
park	molecule	RANDOM
park	rubber	RANDOM
park	strong	RANDOM
park	sweet	RANDOM
park	well	RANDOM
park	write	RANDOM
hurt	damage	HYPER
hurt	center	RANDOM
hurt	design	RANDOM
hurt	mild	RANDOM
hurt	record	RANDOM
hurt	relax	RANDOM
hurt	rooster	RANDOM
hurt	view	RANDOM
hurt	zero	RANDOM
hurt	injure	SYN
cloud	clear	ANT
cloud	sky	PART_OF
cloud	weather	PART_OF
cloud	fashion	RANDOM
cloud	galaxy	RANDOM
cloud	mild	RANDOM
cloud	powerful	RANDOM
cloud	sleep	RANDOM
cloud	squash	RANDOM
cloud	tour	RANDOM
part	everything	ANT
part	character	SYN
part	piece	SYN
part	all	ANT
part	whole	ANT
part	girl	RANDOM
part	passageway	RANDOM
part	sea	RANDOM
link	chain	PART_OF
link	common	RANDOM
link	communicate	RANDOM
link	complex	RANDOM
link	disk	RANDOM
link	mild	RANDOM
link	recreation	RANDOM
link	sharp	RANDOM
link	joint	SYN
link	nothing	RANDOM
adult	child	ANT
adult	person	HYPER
adult	baggage	RANDOM
adult	ball	RANDOM
adult	cry	RANDOM
adult	fix	RANDOM
adult	night	RANDOM
adult	nothing	RANDOM
adult	seal	RANDOM
adult	sleep	RANDOM
loose	bind	ANT
loose	tight	ANT
loose	asia	RANDOM
loose	doorway	RANDOM
loose	head	RANDOM
loose	idle	RANDOM
loose	pop	RANDOM
loose	shade	RANDOM
loose	travel	RANDOM
loose	umbrella	RANDOM
child	old	ANT
child	mammal	HYPER
child	boy	SYN
child	parent	ANT
child	human	HYPER
child	person	HYPER
child	family	PART_OF
child	kid	SYN
child	offspring	SYN
baby	adult	ANT
baby	child	HYPER
baby	person	HYPER
baby	family	PART_OF
baby	monitor	RANDOM
baby	pin	RANDOM
baby	run	RANDOM
baby	straight	RANDOM
baby	water	RANDOM
hole	space	HYPER
hole	dislike	RANDOM
hole	heat	RANDOM
hole	mankind	RANDOM
hole	seal	RANDOM
hole	succeed	RANDOM
hole	traffic	RANDOM
hole	unbroken	RANDOM
hole	wrong	RANDOM
hole	cavity	SYN
bathtub	bathroom	PART_OF
bathtub	all	RANDOM
bathtub	bitch	RANDOM
bathtub	cave	RANDOM
bathtub	chain	RANDOM
bathtub	energetic	RANDOM
bathtub	free	RANDOM
bathtub	planet	RANDOM
bathtub	surface	RANDOM
bathtub	bath	SYN
boyfriend	friend	SYN
boyfriend	lover	SYN
boyfriend	girlfriend	ANT
boyfriend	dry	RANDOM
boyfriend	fasten	RANDOM
boyfriend	grip	RANDOM
boyfriend	ordinary	RANDOM
boyfriend	strange	RANDOM
boyfriend	thin	RANDOM
boyfriend	wagon	RANDOM
case	argument	HYPER
case	container	HYPER
case	cover	HYPER
case	fail	RANDOM
case	mammal	RANDOM
case	pop	RANDOM
case	recycle	RANDOM
case	television	RANDOM
case	unkind	RANDOM
past	present	ANT
past	complex	RANDOM
past	design	RANDOM
past	drama	RANDOM
past	dull	RANDOM
past	lid	RANDOM
past	pain	RANDOM
past	rule	RANDOM
past	sink	RANDOM
past	type	RANDOM
kind	type	SYN
kind	mean	ANT
kind	nasty	ANT
kind	unkind	ANT
kind	government	RANDOM
kind	mature	RANDOM
kind	part	RANDOM
kind	song	RANDOM
kind	suck	RANDOM
kind	ugly	RANDOM
join	quit	ANT
join	leave	ANT
join	part	ANT
join	separate	ANT
join	split	ANT
join	friend	RANDOM
join	roof	RANDOM
join	shoe	RANDOM
join	unpleasant	RANDOM
join	wave	RANDOM
look	touch	ANT
look	member	RANDOM
look	ocean	RANDOM
look	sugar	RANDOM
look	tour	RANDOM
look	transport	RANDOM
look	tree	RANDOM
look	see	SYN
look	view	SYN
look	watch	SYN
imagination	real	ANT
imagination	mind	PART_OF
imagination	constellation	RANDOM
imagination	cool	RANDOM
imagination	door	RANDOM
imagination	friendly	RANDOM
imagination	prison	RANDOM
imagination	prosecution	RANDOM
imagination	save	RANDOM
imagination	south	RANDOM
leave	arrive	ANT
leave	flock	RANDOM
leave	fruit	RANDOM
leave	grass	RANDOM
leave	liberty	RANDOM
leave	meat	RANDOM
leave	organism	RANDOM
leave	refuse	RANDOM
leave	exit	SYN
athlete	human	HYPER
athlete	person	HYPER
athlete	action	RANDOM
athlete	all	RANDOM
athlete	charge	RANDOM
athlete	friendly	RANDOM
athlete	hard	RANDOM
athlete	idea	RANDOM
athlete	master	RANDOM
athlete	run	RANDOM
bill	money	HYPER
bill	end	RANDOM
bill	expand	RANDOM
bill	full	RANDOM
bill	justice	RANDOM
bill	meat	RANDOM
bill	peach	RANDOM
bill	sea	RANDOM
bill	trousers	RANDOM
bill	note	SYN
mouth	bottle	PART_OF
mouth	face	PART_OF
mouth	head	PART_OF
mouth	human	PART_OF
mouth	jar	PART_OF
mouth	pencil	RANDOM
mouth	remove	RANDOM
mouth	take	RANDOM
mouth	weak	RANDOM
bed	bedroom	PART_OF
bed	address	RANDOM
bed	aluminum	RANDOM
bed	develop	RANDOM
bed	health	RANDOM
bed	miss	RANDOM
bed	reason	RANDOM
bed	study	RANDOM
bed	trade	RANDOM
bed	ax	RANDOM
air	atmosphere	SYN
air	gas	HYPER
air	cap	RANDOM
air	curve	RANDOM
air	leave	RANDOM
air	reward	RANDOM
air	run	RANDOM
air	soil	RANDOM
air	tan	RANDOM
admire	respect	HYPER
admire	dislike	ANT
admire	bill	RANDOM
admire	book	RANDOM
admire	island	RANDOM
admire	magic	RANDOM
admire	noise	RANDOM
admire	produce	RANDOM
admire	text	RANDOM
admire	tight	RANDOM
matter	liquid	ANT
matter	cultivate	RANDOM
matter	dance	RANDOM
matter	disgust	RANDOM
matter	fact	RANDOM
matter	reverse	RANDOM
matter	see	RANDOM
matter	stripe	RANDOM
matter	trunk	RANDOM
matter	walk	RANDOM
idle	active	ANT
idle	move	ANT
idle	run	ANT
idle	work	ANT
idle	brush	RANDOM
idle	jail	RANDOM
idle	manufacture	RANDOM
idle	neutron	RANDOM
idle	prejudice	RANDOM
idle	season	RANDOM
bias	prejudice	HYPER
bias	act	RANDOM
bias	constellation	RANDOM
bias	follower	RANDOM
bias	hollow	RANDOM
bias	lot	RANDOM
bias	meet	RANDOM
bias	team	RANDOM
bias	wife	RANDOM
marriage	union	HYPER
marriage	arrive	RANDOM
marriage	art	RANDOM
marriage	count	RANDOM
marriage	flat	RANDOM
marriage	mouse	RANDOM
marriage	narrow	RANDOM
marriage	shop	RANDOM
calf	human	PART_OF
calf	leg	PART_OF
calf	leaf	RANDOM
calf	post	RANDOM
calf	shoe	RANDOM
calf	shout	RANDOM
calf	star	RANDOM
calf	tissue	RANDOM
calf	tool	RANDOM
iron	element	HYPER
iron	metal	HYPER
iron	darkness	RANDOM
iron	divide	RANDOM
iron	fail	RANDOM
iron	hostility	RANDOM
iron	nice	RANDOM
iron	police	RANDOM
iron	ring	RANDOM
iron	unhappiness	RANDOM
learn	teach	ANT
learn	bad	RANDOM
learn	feel	RANDOM
learn	letter	RANDOM
learn	pillow	RANDOM
learn	plant	RANDOM
learn	ram	RANDOM
learn	wild	RANDOM
learn	study	SYN
learn	bush	RANDOM
aid	box	RANDOM
aid	bush	RANDOM
aid	cave	RANDOM
aid	cube	RANDOM
aid	life	RANDOM
aid	stale	RANDOM
aid	stand	RANDOM
aid	want	RANDOM
aid	help	SYN
aid	support	SYN
kitten	dog	ANT
kitten	puppy	ANT
kitten	animal	HYPER
kitten	cat	HYPER
kitten	mammal	HYPER
kitten	meet	RANDOM
kitten	solution	RANDOM
kitten	teach	RANDOM
kitten	trade	RANDOM
kitten	waterfall	RANDOM
male	boy	SYN
male	person	HYPER
male	sex	HYPER
male	bind	RANDOM
male	gate	RANDOM
male	joint	RANDOM
male	lot	RANDOM
male	stone	RANDOM
male	touch	RANDOM
male	zero	RANDOM
affection	dislike	ANT
affection	like	HYPER
affection	clear	RANDOM
affection	gear	RANDOM
affection	ideology	RANDOM
affection	joy	RANDOM
affection	smooth	RANDOM
affection	stick	RANDOM
affection	tank	RANDOM
affection	love	SYN
mistake	correct	ANT
mistake	right	ANT
mistake	book	RANDOM
mistake	cool	RANDOM
mistake	heat	RANDOM
mistake	joint	RANDOM
mistake	mouse	RANDOM
mistake	proton	RANDOM
mistake	star	RANDOM
mistake	tooth	RANDOM
beautiful	plain	ANT
beautiful	ugly	ANT
beautiful	courage	RANDOM
beautiful	i	RANDOM
beautiful	letter	RANDOM
beautiful	perfect	RANDOM
beautiful	record	RANDOM
beautiful	seat	RANDOM
beautiful	university	RANDOM
bridge	game	HYPER
bridge	link	HYPER
bridge	nose	PART_OF
bridge	hall	RANDOM
bridge	kite	RANDOM
bridge	mortal	RANDOM
bridge	rooster	RANDOM
bridge	spirit	RANDOM
bridge	word	RANDOM
illness	bathroom	RANDOM
illness	coach	RANDOM
illness	correct	RANDOM
illness	cry	RANDOM
illness	mobile	RANDOM
illness	soil	RANDOM
illness	sickness	SYN
illness	couple	RANDOM
clip	gun	PART_OF
clip	couple	RANDOM
clip	cultivate	RANDOM
clip	food	RANDOM
clip	grow	RANDOM
clip	health	RANDOM
clip	lady	RANDOM
clip	open	RANDOM
clip	reproduction	RANDOM
clip	time	RANDOM
lock	gate	PART_OF
lock	come	RANDOM
lock	enlightenment	RANDOM
lock	far	RANDOM
lock	pattern	RANDOM
lock	reproduce	RANDOM
lock	sour	RANDOM
lock	star	RANDOM
lock	trial	RANDOM
chip	food	HYPER
chip	computer	PART_OF
chip	cultivate	RANDOM
chip	effect	RANDOM
chip	fan	RANDOM
chip	flex	RANDOM
chip	paw	RANDOM
chip	unhappiness	RANDOM
chip	use	RANDOM
chip	weak	RANDOM
modern	past	ANT
modern	antique	ANT
modern	old	ANT
modern	family	RANDOM
modern	gate	RANDOM
modern	gent	RANDOM
modern	novel	RANDOM
modern	port	RANDOM
modern	satisfy	RANDOM
mind	human	PART_OF
mind	person	PART_OF
mind	child	RANDOM
mind	corn	RANDOM
mind	correct	RANDOM
mind	fog	RANDOM
mind	get	RANDOM
mind	rare	RANDOM
mind	shade	RANDOM
mind	brain	SYN
life	experience	SYN
life	begin	RANDOM
life	fashion	RANDOM
life	job	RANDOM
life	relax	RANDOM
life	scene	RANDOM
life	subject	RANDOM
life	table	RANDOM
life	toss	RANDOM
life	beam	RANDOM
high	superior	SYN
high	low	ANT
high	short	ANT
high	car	RANDOM
high	goal	RANDOM
high	ideology	RANDOM
high	order	RANDOM
high	stitch	RANDOM
high	telephone	RANDOM
high	zero	RANDOM
middle	side	ANT
middle	insect	RANDOM
middle	language	RANDOM
middle	reward	RANDOM
middle	sock	RANDOM
middle	tail	RANDOM
middle	toe	RANDOM
middle	venus	RANDOM
middle	center	SYN
homosexual	human	HYPER
homosexual	person	HYPER
homosexual	confidence	RANDOM
homosexual	heat	RANDOM
homosexual	one	RANDOM
homosexual	potato	RANDOM
homosexual	praise	RANDOM
homosexual	produce	RANDOM
homosexual	raise	RANDOM
homosexual	communicate	RANDOM
bend	turn	HYPER
bend	road	PART_OF
bend	homosexual	RANDOM
bend	lady	RANDOM
bend	lock	RANDOM
bend	mine	RANDOM
bend	nothing	RANDOM
bend	park	RANDOM
bend	quiet	RANDOM
bend	curve	SYN
boredom	excitement	ANT
boredom	fun	ANT
boredom	culture	RANDOM
boredom	evil	RANDOM
boredom	forest	RANDOM
boredom	harvest	RANDOM
boredom	save	RANDOM
boredom	mystery	RANDOM
boredom	pillow	RANDOM
boredom	suffer	RANDOM
close	far	ANT
close	open	ANT
close	tank	RANDOM
close	team	RANDOM
close	use	RANDOM
close	yard	RANDOM
close	cover	SYN
close	end	SYN
close	finish	SYN
close	narrow	SYN
anger	enrage	SYN
anger	calm	ANT
anger	keyboard	RANDOM
anger	letter	RANDOM
anger	nothing	RANDOM
anger	smoke	RANDOM
anger	sour	RANDOM
anger	universe	RANDOM
airplane	transportation	HYPER
airplane	machine	HYPER
airplane	complex	RANDOM
airplane	half	RANDOM
airplane	hard	RANDOM
airplane	ignite	RANDOM
airplane	money	RANDOM
airplane	plant	RANDOM
airplane	same	RANDOM
airplane	theory	RANDOM
keep	take	ANT
keep	give	ANT
keep	lose	ANT
keep	share	ANT
keep	castle	PART_OF
keep	homosexual	RANDOM
keep	image	RANDOM
keep	literature	RANDOM
keep	sentence	RANDOM
mouse	cat	ANT
mouse	animal	HYPER
mouse	computer	PART_OF
mouse	gay	RANDOM
mouse	kindness	RANDOM
mouse	live	RANDOM
mouse	minute	RANDOM
mouse	plot	RANDOM
mouse	strip	RANDOM
mouse	umbrella	RANDOM
attach	separate	ANT
attach	connect	HYPER
attach	join	HYPER
attach	punishment	RANDOM
attach	serve	RANDOM
attach	sign	RANDOM
attach	sofa	RANDOM
attach	fasten	SYN
attach	tie	SYN
car	machine	HYPER
car	traffic	PART_OF
car	contaminate	RANDOM
car	element	RANDOM
car	enjoyment	RANDOM
car	honey	RANDOM
car	mountain	RANDOM
car	rock	RANDOM
car	vehicle	SYN
car	wagon	SYN
lid	top	HYPER
lid	box	PART_OF
lid	jar	PART_OF
lid	lobby	RANDOM
lid	melt	RANDOM
lid	pick	RANDOM
lid	pretend	RANDOM
lid	scissor	RANDOM
lid	spirit	RANDOM
lid	whole	RANDOM
lie	truth	ANT
lie	kid	RANDOM
lie	lazy	RANDOM
lie	less	RANDOM
lie	retire	RANDOM
lie	sink	RANDOM
lie	superior	RANDOM
lie	television	RANDOM
lie	vehicle	RANDOM
author	person	HYPER
author	center	RANDOM
author	entertainment	RANDOM
author	image	RANDOM
author	paint	RANDOM
author	shallow	RANDOM
author	tight	RANDOM
author	unhappy	RANDOM
author	writer	SYN
pay	payment	SYN
pay	steal	ANT
pay	edge	RANDOM
pay	fly	RANDOM
pay	juice	RANDOM
pay	play	RANDOM
pay	respect	RANDOM
pay	skin	RANDOM
pay	stone	RANDOM
pay	unpleasant	RANDOM
make	flight	RANDOM
make	future	RANDOM
make	hall	RANDOM
make	relief	RANDOM
make	rock	RANDOM
make	seat	RANDOM
make	short	RANDOM
make	strip	RANDOM
make	construction	SYN
make	manufacture	SYN
peace	fight	ANT
peace	war	ANT
peace	cavity	RANDOM
peace	crystal	RANDOM
peace	distress	RANDOM
peace	hold	RANDOM
peace	orange	RANDOM
peace	sour	RANDOM
peace	tour	RANDOM
peace	waterfall	RANDOM
bowl	plate	ANT
bowl	action	HYPER
bowl	pipe	PART_OF
bowl	dish	HYPER
bowl	follow	RANDOM
bowl	leaf	RANDOM
bowl	mild	RANDOM
bowl	statement	RANDOM
bowl	throw	RANDOM
actor	person	HYPER
actor	film	PART_OF
actor	dictionary	RANDOM
actor	game	RANDOM
actor	hem	RANDOM
actor	huge	RANDOM
actor	live	RANDOM
actor	mild	RANDOM
actor	sight	RANDOM
actor	stage	RANDOM
heterosexual	homosexual	ANT
heterosexual	human	HYPER
heterosexual	person	HYPER
heterosexual	back	RANDOM
heterosexual	pillow	RANDOM
heterosexual	protect	RANDOM
heterosexual	soil	RANDOM
heterosexual	stage	RANDOM
heterosexual	violent	RANDOM
member	committee	PART_OF
member	hallway	RANDOM
member	kid	RANDOM
member	positive	RANDOM
member	sick	RANDOM
member	transport	RANDOM
member	travel	RANDOM
member	trunk	RANDOM
member	umbrella	RANDOM
member	penis	SYN
mix	combine	SYN
mix	child	RANDOM
mix	energy	RANDOM
mix	excitement	RANDOM
mix	live	RANDOM
mix	pack	RANDOM
mix	paint	RANDOM
mix	shout	RANDOM
mix	street	RANDOM
mix	write	RANDOM
hot	chill	ANT
hot	present	RANDOM
hot	race	RANDOM
hot	seat	RANDOM
hot	smile	RANDOM
hot	solution	RANDOM
hot	tank	RANDOM
hot	unusual	RANDOM
hot	heat	SYN
hot	hero	RANDOM
book	film	ANT
book	literature	HYPER
book	object	HYPER
book	text	HYPER
book	library	PART_OF
book	rare	RANDOM
book	sea	RANDOM
book	tear	RANDOM
book	record	SYN
book	volume	SYN
low	down	SYN
low	short	SYN
low	raise	ANT
low	clothe	RANDOM
low	ideology	RANDOM
low	link	RANDOM
low	money	RANDOM
low	orange	RANDOM
low	trip	RANDOM
low	view	RANDOM
branch	division	HYPER
branch	tree	PART_OF
branch	fabric	RANDOM
branch	ignorance	RANDOM
branch	mail	RANDOM
branch	positive	RANDOM
branch	row	RANDOM
branch	split	RANDOM
branch	television	RANDOM
branch	universe	RANDOM
answer	problem	ANT
answer	question	ANT
answer	bright	RANDOM
answer	descend	RANDOM
answer	document	RANDOM
answer	hostility	RANDOM
answer	organism	RANDOM
answer	quiet	RANDOM
answer	sheep	RANDOM
party	event	HYPER
party	answer	RANDOM
party	count	RANDOM
party	cover	RANDOM
party	dwell	RANDOM
party	flow	RANDOM
party	jacket	RANDOM
party	see	RANDOM
party	stock	RANDOM
ordinary	rare	ANT
ordinary	fancy	ANT
ordinary	strange	ANT
ordinary	unusual	ANT
ordinary	weird	ANT
ordinary	shape	RANDOM
ordinary	sharp	RANDOM
ordinary	ship	RANDOM
ordinary	waterfall	RANDOM
ordinary	white	RANDOM
murder	kill	SYN
murder	violence	HYPER
murder	boat	RANDOM
murder	cloth	RANDOM
murder	continent	RANDOM
murder	dry	RANDOM
murder	flow	RANDOM
murder	succeed	RANDOM
murder	tall	RANDOM
murder	test	RANDOM
beach	place	HYPER
beach	army	RANDOM
beach	crop	RANDOM
beach	even	RANDOM
beach	happy	RANDOM
beach	lobby	RANDOM
beach	sick	RANDOM
beach	stock	RANDOM
beach	test	RANDOM
beach	vehicle	RANDOM
channel	tv	PART_OF
channel	active	RANDOM
channel	equal	RANDOM
channel	furniture	RANDOM
channel	get	RANDOM
channel	give	RANDOM
channel	serve	RANDOM
channel	soul	RANDOM
channel	stock	RANDOM
channel	turkey	RANDOM
nice	sweet	SYN
nice	bad	ANT
nice	unkind	ANT
nice	france	PART_OF
nice	rank	RANDOM
nice	science	RANDOM
nice	text	RANDOM
nice	fine	SYN
nice	kind	SYN
map	plan	SYN
map	bush	RANDOM
map	crop	RANDOM
map	honesty	RANDOM
map	joy	RANDOM
map	object	RANDOM
map	season	RANDOM
map	shape	RANDOM
map	side	RANDOM
begin	end	ANT
begin	finish	ANT
begin	stop	ANT
begin	communication	RANDOM
begin	correct	RANDOM
begin	male	RANDOM
begin	mystery	RANDOM
begin	pin	RANDOM
begin	tie	RANDOM
begin	wear	RANDOM
cellar	attic	ANT
cellar	place	HYPER
cellar	freeze	RANDOM
cellar	hat	RANDOM
cellar	member	RANDOM
cellar	relief	RANDOM
cellar	toe	RANDOM
cellar	wash	RANDOM
cellar	woman	RANDOM
cellar	basement	SYN
pain	pleasure	ANT
pain	relief	ANT
pain	happy	RANDOM
pain	literature	RANDOM
pain	man	RANDOM
pain	pin	RANDOM
pain	rain	RANDOM
pain	satisfaction	RANDOM
beauty	person	HYPER
beauty	baggage	RANDOM
beauty	brush	RANDOM
beauty	equal	RANDOM
beauty	hat	RANDOM
beauty	loose	RANDOM
beauty	old	RANDOM
beauty	pop	RANDOM
beauty	unkind	RANDOM
mountain	plain	ANT
mountain	place	HYPER
mountain	landscape	PART_OF
mountain	jump	RANDOM
mountain	mature	RANDOM
mountain	party	RANDOM
mountain	person	RANDOM
mountain	proton	RANDOM
mountain	scissor	RANDOM
mountain	speak	RANDOM
class	school	PART_OF
class	big	RANDOM
class	construction	RANDOM
class	drug	RANDOM
class	escape	RANDOM
class	lover	RANDOM
class	matter	RANDOM
class	misunderstand	RANDOM
class	religion	RANDOM
class	service	RANDOM
misery	enjoyment	ANT
misery	happiness	ANT
misery	sadness	HYPER
misery	experiment	RANDOM
misery	gay	RANDOM
misery	gift	RANDOM
misery	school	RANDOM
misery	sour	RANDOM
misery	step	RANDOM
misery	useful	RANDOM
lens	eye	PART_OF
lens	eyeglass	PART_OF
lens	demand	RANDOM
lens	enrage	RANDOM
lens	error	RANDOM
lens	fashion	RANDOM
lens	lead	RANDOM
lens	sound	RANDOM
lens	teacher	RANDOM
lens	word	RANDOM
machine	human	ANT
machine	device	HYPER
machine	fashion	RANDOM
machine	horn	RANDOM
machine	justice	RANDOM
machine	kill	RANDOM
machine	spread	RANDOM
machine	umbrella	RANDOM
machine	instrument	SYN
machine	tool	SYN
birthday	fun	HYPER
birthday	basement	RANDOM
birthday	democracy	RANDOM
birthday	exchange	RANDOM
birthday	fear	RANDOM
birthday	gun	RANDOM
birthday	old	RANDOM
birthday	shop	RANDOM
birthday	sky	RANDOM
nucleus	atom	PART_OF
nucleus	cell	PART_OF
nucleus	climb	RANDOM
nucleus	fun	RANDOM
nucleus	girlfriend	RANDOM
nucleus	honey	RANDOM
nucleus	library	RANDOM
nucleus	pleasure	RANDOM
nucleus	point	RANDOM
nucleus	society	RANDOM
adventure	boredom	ANT
adventure	action	HYPER
adventure	bill	RANDOM
adventure	bright	RANDOM
adventure	fashion	RANDOM
adventure	hall	RANDOM
adventure	idea	RANDOM
adventure	skin	RANDOM
adventure	think	RANDOM
adventure	tooth	RANDOM
letter	number	ANT
letter	character	HYPER
letter	document	HYPER
letter	alphabet	PART_OF
letter	word	PART_OF
letter	dislike	RANDOM
letter	nature	RANDOM
letter	new	RANDOM
letter	smoke	RANDOM
letter	tall	RANDOM
nothing	something	ANT
nothing	flesh	RANDOM
nothing	happy	RANDOM
nothing	ignorance	RANDOM
nothing	lead	RANDOM
nothing	match	RANDOM
nothing	peace	RANDOM
nothing	same	RANDOM
nothing	stream	RANDOM
pedal	bicycle	PART_OF
pedal	cloudy	RANDOM
pedal	island	RANDOM
pedal	minute	RANDOM
pedal	parent	RANDOM
pedal	prosecution	RANDOM
pedal	stream	RANDOM
pedal	unique	RANDOM
pedal	wave	RANDOM
chocolate	candy	HYPER
chocolate	food	HYPER
chocolate	down	RANDOM
chocolate	hammer	RANDOM
chocolate	member	RANDOM
chocolate	neutron	RANDOM
chocolate	piece	RANDOM
chocolate	ring	RANDOM
chocolate	stage	RANDOM
chocolate	steal	RANDOM
bloom	die	ANT
bloom	female	RANDOM
bloom	information	RANDOM
bloom	lobby	RANDOM
bloom	player	RANDOM
bloom	rain	RANDOM
bloom	trade	RANDOM
bloom	word	RANDOM
bloom	flower	SYN
lobby	room	HYPER
lobby	attach	RANDOM
lobby	clean	RANDOM
lobby	communication	RANDOM
lobby	get	RANDOM
lobby	human	RANDOM
lobby	shadow	RANDOM
lobby	take	RANDOM
lobby	use	RANDOM
man	male	HYPER
man	woman	ANT
man	human	HYPER
man	person	HYPER
man	mankind	PART_OF
man	nature	PART_OF
man	saucepan	RANDOM
butter	fat	HYPER
butter	food	HYPER
butter	catch	RANDOM
butter	flight	RANDOM
butter	jacket	RANDOM
butter	lady	RANDOM
butter	lock	RANDOM
butter	quality	RANDOM
butter	traffic	RANDOM
night	time	HYPER
night	dark	SYN
night	darkness	SYN
night	cat	RANDOM
night	correct	RANDOM
night	dirty	RANDOM
night	family	RANDOM
night	politician	RANDOM
night	rent	RANDOM
night	theory	RANDOM
lower	raise	ANT
lower	communication	RANDOM
lower	complicate	RANDOM
lower	connect	RANDOM
lower	desert	RANDOM
lower	father	RANDOM
lower	idol	RANDOM
lower	law	RANDOM
lower	cooler	RANDOM
land	sea	ANT
land	sky	ANT
land	water	ANT
land	place	HYPER
land	earth	PART_OF
land	law	RANDOM
land	push	RANDOM
land	reward	RANDOM
land	satisfaction	RANDOM
land	valuable	RANDOM
neck	body	PART_OF
neck	guitar	PART_OF
neck	human	PART_OF
neck	huge	RANDOM
neck	illness	RANDOM
neck	manufacture	RANDOM
neck	mineral	RANDOM
neck	screw	RANDOM
neck	split	RANDOM
neck	tool	RANDOM
liquid	solid	ANT
liquid	fluid	HYPER
liquid	clean	RANDOM
liquid	flight	RANDOM
liquid	gate	RANDOM
liquid	hallway	RANDOM
liquid	nasty	RANDOM
liquid	post	RANDOM
liquid	puppy	RANDOM
liquid	ride	RANDOM
lunch	eat	HYPER
lunch	meal	HYPER
lunch	communication	RANDOM
lunch	deceive	RANDOM
lunch	fact	RANDOM
lunch	justice	RANDOM
lunch	lift	RANDOM
lunch	mail	RANDOM
lunch	red	RANDOM
lunch	television	RANDOM
line	letter	PART_OF
line	poem	PART_OF
line	cold	RANDOM
line	cool	RANDOM
line	integrity	RANDOM
line	laugh	RANDOM
line	mature	RANDOM
line	press	RANDOM
line	window	RANDOM
line	row	SYN
light	extinguish	ANT
light	energy	HYPER
light	idle	RANDOM
light	individual	RANDOM
light	mineral	RANDOM
light	throw	RANDOM
light	well	RANDOM
light	ignite	SYN
light	illuminate	SYN
clear	fog	ANT
clear	cloudy	ANT
clear	dirty	ANT
clear	remove	HYPER
clear	tan	RANDOM
clear	television	RANDOM
clear	word	RANDOM
clear	clean	SYN
object	constellation	RANDOM
object	creation	RANDOM
object	fill	RANDOM
object	goal	RANDOM
object	root	RANDOM
object	silent	RANDOM
object	take	RANDOM
object	article	SYN
object	sea	RANDOM
object	half	RANDOM
ocean	liquid	HYPER
ocean	sea	HYPER
ocean	close	RANDOM
ocean	distress	RANDOM
ocean	half	RANDOM
ocean	hobby	RANDOM
ocean	plain	RANDOM
ocean	plot	RANDOM
ocean	prosecution	RANDOM
jacket	coat	SYN
jacket	cover	HYPER
jacket	fix	RANDOM
jacket	kind	RANDOM
jacket	landscape	RANDOM
jacket	short	RANDOM
jacket	south	RANDOM
jacket	statue	RANDOM
jacket	vegetable	RANDOM
boat	dance	RANDOM
boat	growth	RANDOM
boat	ideology	RANDOM
boat	lift	RANDOM
boat	lover	RANDOM
boat	money	RANDOM
boat	organ	RANDOM
boat	small	RANDOM
boat	ship	SYN
boat	vessel	SYN
lift	set	ANT
lift	depress	ANT
lift	move	HYPER
lift	mood	RANDOM
lift	paw	RANDOM
lift	plastic	RANDOM
lift	quiet	RANDOM
lift	sex	RANDOM
lift	useless	RANDOM
lift	steal	SYN
jail	place	HYPER
jail	cube	RANDOM
jail	enjoy	RANDOM
jail	faith	RANDOM
jail	health	RANDOM
jail	melt	RANDOM
jail	mouse	RANDOM
jail	problem	RANDOM
jail	teach	RANDOM
jail	prison	SYN
clean	dirty	ANT
clean	filthy	ANT
clean	clothe	RANDOM
clean	disgust	RANDOM
clean	fireplace	RANDOM
clean	ideology	RANDOM
clean	island	RANDOM
clean	leisure	RANDOM
clean	please	RANDOM
clean	weather	RANDOM
movie	show	HYPER
movie	care	RANDOM
movie	come	RANDOM
movie	dictionary	RANDOM
movie	expand	RANDOM
movie	meat	RANDOM
movie	pen	RANDOM
movie	ram	RANDOM
movie	reduce	RANDOM
movie	transportation	RANDOM
offspring	baby	SYN
offspring	parent	ANT
offspring	airplane	RANDOM
offspring	beat	RANDOM
offspring	enlightenment	RANDOM
offspring	galaxy	RANDOM
offspring	performance	RANDOM
offspring	quit	RANDOM
offspring	tall	RANDOM
offspring	wild	RANDOM
mississippi	place	HYPER
mississippi	come	RANDOM
mississippi	design	RANDOM
mississippi	fight	RANDOM
mississippi	program	RANDOM
mississippi	recess	RANDOM
mississippi	save	RANDOM
mississippi	slow	RANDOM
mississippi	sound	RANDOM
mississippi	vehicle	RANDOM
order	rank	SYN
order	mood	RANDOM
order	organism	RANDOM
order	proton	RANDOM
order	sick	RANDOM
order	sight	RANDOM
order	yard	RANDOM
order	instruction	SYN
order	law	SYN
minister	clergyman	HYPER
minister	cabinet	PART_OF
minister	government	PART_OF
minister	gay	RANDOM
minister	leave	RANDOM
minister	refuse	RANDOM
minister	residence	RANDOM
minister	stale	RANDOM
minister	stock	RANDOM
minister	street	RANDOM
